month,first_trade_date,last_trade_date,n_obs,dce_corn_open,dce_corn_high,dce_corn_low,dce_corn_close,dce_corn_settle,dce_corn_volume,dce_corn_open_interest,dce_corn_ret_1m_compound,dce_corn_starch_open,dce_corn_starch_high,dce_corn_starch_low,dce_corn_starch_close,dce_corn_starch_settle,dce_corn_starch_volume,dce_corn_starch_open_interest,dce_corn_starch_ret_1m_compound,cs_c_spread_close,domestic_corn_spot_price_cny_t,corn_basis_cny_t,corn_basis_rate,corn_100ppi_main_futures_price_cny_t,cbot_corn_open,cbot_corn_high,cbot_corn_low,cbot_corn_close,cbot_corn_ret_1m_compound,cbot_wheat_open,cbot_wheat_high,cbot_wheat_low,cbot_wheat_close,cbot_wheat_ret_1m_compound,cbot_wheat_corn_ratio,corn_import_volume_ton_ffill,hlj_precip_mm,jilin_precip_mm,inner_mongolia_precip_mm,ne_avg_precip_mm,hlj_t2m_c,jilin_t2m_c,inner_mongolia_t2m_c,ne_avg_t2m_c,reserve_corn_release_volume_ton,is_harvest_season_ne_cn,corn_100ppi_nearby_futures_price_cny_t,corn_100ppi_nearby_basis_cny_t,corn_100ppi_nearby_basis_rate,dce_corn_close_ret_1m,dce_corn_close_ma3,dce_corn_close_ret_3m,dce_corn_close_vol_3m,dce_corn_close_ma6,dce_corn_close_ret_6m,dce_corn_close_vol_6m,dce_corn_close_ma12,dce_corn_close_ret_12m,dce_corn_close_vol_12m,dce_corn_close_next_month,dce_corn_close_next_month_ret,dce_corn_close_next_month_direction
2016-06,2016-06-29,2016-06-30,2,1568,1590,1554,1581,1577,1752074,1495398,0.008934269398467531,1999.0,2008.0,1970.0,1991.0,1994.0,234874.0,247404.0,0.0010055303377214386,410.0,1890.67,309.67,0.163788,1581.0,389.0,390.75,362.5,369.0,-0.04579038975021299,457.0,460.5,437.5,445.25,0.0022509848058525073,1.206639566395664,,23.14,37.75,9.379999999999999,23.423333333333332,21.134999999999998,21.305,21.39,21.276666666666664,0.0,0,1860.0,30.67,0.016222,,,,,,,,,,,1446.0,-0.08538899430740043,0
2016-07,2016-07-01,2016-07-29,21,1580,1594,1444,1446,1453,17461446,1922200,-0.0853889945213826,1990.0,2002.0,1766.0,1772.0,1774.0,3248006.0,467712.0,-0.10999497774928824,326.0,1840.0,394.0,0.21413,1446.0,367.25,373.0,326.75,333.5,-0.09620596175456098,444.75,451.75,403.5,409.0,-0.0814149345008981,1.2263868065967016,,47.57,105.51,89.63999999999999,80.90666666666667,23.789523809523807,23.647142857142857,25.902857142857144,24.446507936507935,0.0,0,1655.0,185.0,0.100543,-0.08538899430740043,,,,,,,,,,1450.0,0.0027662517289073207,1
2016-08,2016-08-01,2016-08-31,23,1450,1496,1438,1450,1456,14071138,2034414,0.0027662502995242644,1790.0,1885.0,1738.0,1739.0,1751.0,7030692.0,680672.0,-0.018623024352223627,289.0,1845.33,395.33,0.214233,1450.0,332.25,344.25,312.0,315.25,-0.05472264042428676,407.5,449.25,386.75,391.0,-0.04400977836178632,1.2402854877081682,,34.58,83.89,71.89,63.45333333333333,23.64521739130435,23.062173913043477,24.09304347826087,23.60014492753623,0.0,0,1797.0,48.33,0.02619,0.0027662517289073207,1492.3333333333333,,,,,,,,,1394.0,-0.0386206896551724,0
2016-09,2016-09-01,2016-09-30,20,1450,1473,1382,1394,1392,15165936,1965638,-0.038620688260859404,1737.0,1762.0,1600.0,1643.0,1636.0,10175048.0,859990.0,-0.05520414032470522,249.0,1698.67,304.67,0.179358,1394.0,315.5,343.25,315.0,336.25,0.053925457108802366,389.75,411.75,389.5,402.0,0.026858974721216677,1.195539033457249,,95.47,93.02000000000001,37.25,75.24666666666667,15.779499999999999,15.953999999999999,16.7875,16.173666666666666,0.0,1,1450.0,248.67,0.146391,-0.0386206896551724,1430.0,-0.11827956989247312,0.04410498959092727,,,,,,,1517.0,0.08823529411764697,1
2016-10,2016-10-10,2016-10-31,16,1400,1538,1399,1517,1519,13432796,1698200,0.08823529392168572,1650.0,1823.0,1648.0,1770.0,1765.0,9972614.0,750790.0,0.07729762672071305,253.0,1684.67,167.67,0.099527,1517.0,339.5,359.25,336.5,354.5,0.0434142755176643,396.0,428.25,396.0,415.25,0.05326569446989238,1.1713681241184768,,4.2,4.5,3.3,4.0,1.19625,3.22375,4.0,2.8066666666458335,0.0,1,1766.0,-81.33,-0.048277,0.08823529411764697,1453.6666666666667,0.049100968188105165,0.06469193244775223,,,,,,,1544.0,0.017798286090969118,1
2016-11,2016-11-01,2016-11-30,22,1515,1648,1489,1544,1551,19602736,1774168,0.017798286581531153,1770.0,1957.0,1749.0,1904.0,1922.0,13785484.0,796270.0,0.0757062158669144,360.0,1687.33,143.33,0.084945,1544.0,354.25,362.5,335.5,348.5,-0.016925246244337222,416.0,429.75,392.5,402.75,-0.030102349157412278,1.1556671449067433,,15.059999999999999,15.27,7.77,12.7,-10.322727272727272,-7.0213636363636365,-5.470454545454546,-7.604848484727273,0.0,1,1602.0,85.33,0.050571,0.017798286090969118,1485.0,0.06482758620689655,0.06355694761781724,1488.6666666666667,,,,,,1519.0,-0.016191709844559532,0
2016-12,2016-12-01,2016-12-30,22,1544,1589,1482,1519,1519,24041126,2004282,-0.01619170751626753,1910.0,1952.0,1768.0,1786.0,1792.0,12358170.0,911814.0,-0.06197478860918948,267.0,1594.67,75.67,0.047452,1519.0,349.0,364.75,341.75,351.0,0.007173602253313094,402.75,420.75,392.75,408.75,0.014897580486547657,1.1645299145299146,,2.4,10.049999999999999,3.6999999999999997,5.383333333333333,-17.48318181818182,-12.635000000000002,-11.49409090909091,-13.870757576227271,0.0,0,1489.0,105.67,0.066264,-0.016191709844559532,1526.6666666666667,0.08967001434720223,0.05326301261971923,1478.3333333333333,-0.039215686274509776,0.058293335357912625,,,,1560.0,0.02699144173798551,1
2017-01,2017-01-02,2017-01-26,19,1516,1582,1498,1560,1559,21146528,2411400,0.026991441760763957,1794.0,1850.0,1743.0,1801.0,1804.0,9008124.0,1076382.0,0.008398654548368745,241.0,1559.33,-0.67,-0.00043,1560.0,351.0,371.0,351.0,363.75,0.03632478680130702,408.75,437.5,404.75,427.0,0.044648318956151734,1.1738831615120275,,2.9699999999999998,3.81,1.02,2.599999999999999,-18.527368421052632,-15.280526315789473,-13.235263157894737,-15.681052631210527,0.0,0,1495.0,64.33,0.041255,0.02699144173798551,1541.0,0.028345418589321048,0.022747228824073568,1497.3333333333333,0.07883817427385886,0.04358723586447886,,,,1603.0,0.027564102564102466,1
2017-02,2017-02-03,2017-02-28,18,1558,1632,1553,1603,1605,31357860,2487278,0.02756410309561419,1801.0,1932.0,1787.0,1919.0,1915.0,9815728.0,917616.0,0.06551915614341652,316.0,1527.33,-75.67,-0.049544,1603.0,366.75,387.25,362.5,373.0,0.017041581447603482,434.25,477.0,419.75,444.25,0.023028208666004746,1.191018766756032,,4.840000000000001,7.8,3.88,5.506666666666666,-11.973888888888888,-9.942222222222222,-6.9816666666666665,-9.632592592444446,0.0,0,1501.0,26.33,0.017239,0.027564102564102466,1560.6666666666667,0.038212435233160535,0.02509875043557894,1522.8333333333333,0.1055172413793104,0.04354194989781729,,,,1672.0,0.04304429195258885,1
2017-03,2017-03-01,2017-03-31,23,1608,1722,1593,1672,1672,32433774,2272606,0.043044293314223436,1926.0,2143.0,1861.0,2056.0,2054.0,10232112.0,760996.0,0.0713913514441944,384.0,1582.67,-89.33,-0.056443,1672.0,373.0,383.0,354.25,364.75,-0.022117962616471365,444.25,462.5,416.5,427.0,-0.03882948715754664,1.1706648389307746,,1.84,0.65,0.08,0.8566666666666662,-2.2769565217391308,-0.5552173913043478,0.3308695652173913,-0.8337681158550724,0.0,0,1616.0,-33.33,-0.021059,0.04304429195258885,1611.6666666666667,0.10072416063199463,0.009107306626528505,1569.1666666666667,0.19942611190817794,0.03420471926629219,,,,1622.0,-0.029904306220095656,0
2017-04,2017-04-05,2017-04-28,18,1675,1693,1606,1622,1623,20907354,1690124,-0.029904306036344308,2064.0,2081.0,1946.0,1946.0,1955.0,8818382.0,801132.0,-0.05350194665635133,324.0,1622.0,0.0,0.0,1622.0,363.0,378.75,357.25,365.5,0.0061940808402651815,427.0,444.75,416.0,431.75,0.009941520580965424,1.1812585499316006,,6.36,8.9,3.9299999999999997,6.3966666666666665,7.246111111111111,8.257222222222222,9.505555555555555,8.336296296296297,0.0,0,1621.0,1.0,0.000617,-0.029904306220095656,1632.3333333333333,0.039743589743589824,0.03843555699056732,1586.6666666666667,0.06921555702043514,0.02833331282113154,,,,1608.0,-0.008631319358816225,0
2017-05,2017-05-02,2017-05-31,20,1631,1660,1604,1608,1614,17474916,1598700,-0.008631319665487469,1951.0,1987.0,7.0,1924.0,1921.0,7742110.0,649746.0,-0.011305134089408586,316.0,1662.0,54.0,0.032491,1608.0,376.75,378.25,364.25,371.5,0.004885631059404538,456.75,461.5,420.25,429.75,-0.0368945494438393,1.1567967698519517,,16.869999999999997,40.01,30.34,29.07333333333333,16.3635,15.788999999999998,18.105,16.7525,0.0,0,1629.0,33.0,0.019856,-0.008631319358816225,1634.0,0.003119151590767366,0.03751534519315033,1597.3333333333333,0.041450777202072464,0.02920864779858315,1543.0,,,1687.0,0.04912935323383083,1
2017-06,2017-06-01,2017-06-30,22,1612,1713,1607,1687,1689,15802206,1332100,0.04912935351921832,1921.0,2059.0,1921.0,2026.0,2024.0,8222486.0,639814.0,0.05301455339774952,339.0,1682.0,-5.0,-0.002973,1687.0,371.5,392.25,356.25,370.0,-0.004037685434245986,429.5,511.5,421.25,511.0,0.18906340868162475,1.3810810810810812,,59.06,38.66,16.73,38.15,20.652272727272727,19.933636363636364,23.245,21.276969696969697,0.0,0,1626.0,56.0,0.033294,0.04912935323383083,1639.0,0.008971291866028741,0.04089652510714154,1625.3333333333333,0.11059907834101379,0.030895354845897095,1551.8333333333333,0.06704617330803297,0.046109631629867136,1645.0,-0.024896265560165998,0
2017-07,2017-07-03,2017-07-31,21,1704,1708,1644,1645,1650,11516910,951196,-0.024896265253588012,2044.0,2048.0,1934.0,1939.0,1940.0,6344328.0,431868.0,-0.04294175862164995,294.0,1679.29,34.29,0.020419,1645.0,384.25,404.75,366.0,372.0,0.005405405716998324,534.25,574.5,471.5,476.25,-0.06800391476986634,1.280241935483871,,51.660000000000004,119.86,43.46,71.66,25.512857142857143,24.293333333333333,27.847142857142856,25.88444444444444,0.0,0,1645.0,34.29,0.020419,-0.024896265560165998,1646.6666666666667,0.014180024660912505,0.03890294764136753,1639.5,0.054487179487179516,0.03488978025382773,1568.4166666666667,0.13762102351313965,0.03770272391731895,1687.0,0.025531914893617058,1
2017-08,2017-08-01,2017-08-31,23,1648,1744,1645,1687,1691,11996748,1262100,0.025531912953776548,1936.0,2056.0,1923.0,1975.0,1981.0,5089950.0,369260.0,0.01856627244858422,288.0,1657.86,-29.14,-0.017577,1687.0,368.75,375.5,328.5,341.75,-0.08131720433629397,470.0,478.0,394.5,410.0,-0.13910761217333356,1.1997073884418434,,152.02,168.04,221.35999999999999,180.47333333333333,20.984347826086957,21.312173913043477,22.077391304347824,21.457971014492756,0.0,0,1636.0,21.86,0.013186,0.025531914893617058,1673.0,0.04912935323383083,0.03781453141746267,1653.5,0.05240174672489073,0.0346872766784742,1588.1666666666667,0.163448275862069,0.03779921822994431,1693.0,0.003556609365737984,1
2017-09,2017-09-01,2017-09-29,21,1695,1733,1677,1693,1692,11708266,873756,0.003556609641791608,1986.0,2047.0,1955.0,1976.0,1973.0,5289146.0,254194.0,0.0005063278205603705,283.0,1665.71,-27.29,-0.016383,1693.0,356.75,362.0,345.5,356.25,0.04242867662153227,433.75,462.75,428.25,449.0,0.09512195246332933,1.2603508771929826,,27.38,18.080000000000002,14.95,20.136666666666667,14.22142857142857,14.954761904761906,16.34095238095238,15.172380952380953,0.0,1,1650.0,15.71,0.009431,0.003556609365737984,1675.0,0.003556609365737984,0.025283332877846846,1657.0,0.012559808612440104,0.030431480986967015,1613.0833333333333,0.214490674318508,0.034330420851260604,1657.0,-0.021264028352037778,0
2017-10,2017-10-09,2017-10-31,17,1659,1686,1629,1657,1656,5806194,1005370,-0.021264028546992164,2050.0,2050.0,1923.0,1941.0,1940.0,2875076.0,286652.0,-0.017712550071728894,284.0,1661.43,4.43,0.002666,1657.0,350.75,355.25,342.5,345.5,-0.012151535921974155,443.5,445.75,416.25,419.5,-0.054114994067619104,1.2141823444283646,,1.12,2.2,2.29,1.8699999999999997,3.8899999999999997,4.996470588235294,5.9805882352941175,4.955686274509804,0.0,1,1637.0,24.43,0.014704,-0.021264028352037778,1679.0,0.007294832826747699,0.023412384237162628,1662.8333333333333,0.02157829839704073,0.028751483913221635,1624.75,0.09228740936058011,0.02750620583456089,1715.0,0.035003017501508804,1
2017-11,2017-11-01,2017-11-30,22,1656,1724,1648,1715,0,8476500,603778,0.0350030161569419,1941.0,2186.0,1933.0,2052.0,0.0,7214516.0,219618.0,0.05718701708492735,337.0,1662.5,-52.5,-0.031579,1715.0,345.5,352.0,335.5,341.75,-0.010853835990076499,418.5,434.25,405.25,409.25,-0.02443385045879587,1.197512801755669,,7.74,7.66,1.76,5.72,-6.322727272727272,-4.173636363636363,-3.5186363636363636,-4.671666666848485,0.0,1,1715.0,-52.5,-0.031579,0.035003017501508804,1688.3333333333333,0.016597510373443924,0.02819846653763183,1680.6666666666667,0.066542288557214,0.030416755150328663,1639.0,0.11075129533678751,0.028508971235487075,1816.0,0.05889212827988333,1
2017-12,2017-12-01,2017-12-29,21,1716,1837,1702,1816,0,8325114,982626,0.05889212750249184,2050.0,2157.0,2031.0,2123.0,0.0,4207692.0,322860.0,0.03460039118714775,307.0,1708.21,-107.79,-0.063101,1816.0,355.75,360.5,346.5,351.0,0.027066570594076245,433.0,443.0,410.5,427.25,0.04398289585307258,1.2172364672364673,,1.08,2.02,0.32,1.1399999999999995,-18.444285714285712,-14.709999999999999,-13.135714285714286,-15.430000001285713,0.0,0,1740.0,-31.79,-0.01861,0.05889212827988333,1729.3333333333333,0.07265209686946239,0.041153532673124646,1702.1666666666667,0.07646710136336687,0.03300414088109094,1663.75,0.19552337063857794,0.03060152806921751,1788.0,-0.01541850220264318,0
2018-01,2018-01-02,2018-01-31,22,1818,1861,1783,1788,0,8096658,846334,-0.015418502911580756,2122.0,2169.0,2076.0,2082.0,0.0,3542666.0,318768.0,-0.019312293850712647,294.0,1772.5,-15.5,-0.008745,1788.0,351.0,362.25,345.5,361.5,0.029914529784335064,427.25,458.75,413.25,451.5,0.05675833886294024,1.2489626556016598,,5.06,5.93,2.3600000000000003,4.45,-19.962727272727275,-17.72,-15.465454545454547,-17.716060606363637,0.0,0,1792.0,-19.5,-0.011001,-0.01541850220264318,1773.0,0.07905853952926978,0.037936545849106655,1726.0,0.08693009118541029,0.031005150609828665,1682.75,0.14615384615384608,0.0315768284847667,1830.0,0.02348993288590595,1
2018-02,2018-02-01,2018-02-28,15,1790,1837,1787,1830,0,5015040,867672,0.023489931833210465,2084.0,2184.0,2083.0,2167.0,0.0,2417748.0,327268.0,0.040826126006957786,337.0,1793.21,-36.79,-0.020516,1830.0,360.5,376.75,356.25,374.0,0.038116374194144154,449.5,487.5,438.75,482.75,0.0865361886262832,1.2907754010695187,,5.279999999999999,10.620000000000001,5.140000000000001,7.013333333333334,-16.702666666666666,-12.936666666666667,-11.713333333333333,-13.784222223333334,0.0,0,1862.0,-68.79,-0.038361,0.02348993288590595,1811.3333333333333,0.06705539358600587,0.03716909908885737,1749.8333333333333,0.08476585655008884,0.030869214222194873,1701.6666666666667,0.14160948222083602,0.03141439335799524,1744.0,-0.04699453551912569,0
2018-03,2018-03-01,2018-03-30,22,1836,1884,1739,1744,1745,6581900,931384,-0.046994535776289315,2169.0,2221.0,2113.0,2147.0,2149.0,4177694.0,185746.0,-0.009229348411474714,403.0,1852.5,108.5,0.05857,1744.0,381.25,395.25,369.25,387.75,0.036764704599761,495.5,518.5,441.5,451.75,-0.06421543287131548,1.1650548033526755,,3.11,9.71,7.09,6.636666666666666,-4.664090909090909,-2.6331818181818183,-1.025,-2.7740909092727275,0.0,0,1785.0,67.5,0.036437,-0.04699453551912569,1787.3333333333333,-0.03964757709251099,0.03530574194892229,1758.3333333333333,0.030124040165386834,0.03988552306192456,1707.6666666666667,0.04306220095693769,0.03386401529110873,1731.0,-0.007454128440366969,0
2018-04,2018-04-02,2018-04-27,18,1746,1779,1724,1731,1730,5021130,865760,-0.007454130131132608,2141.0,2179.0,2107.0,2134.0,2133.0,2877910.0,253904.0,-0.006054959483082323,403.0,1803.57,72.57,0.040237,1731.0,388.75,392.5,372.0,390.5,-0.014280175714791898,454.25,495.75,445.75,495.0,0.057434363651245324,1.267605633802817,,14.49,7.510000000000001,2.89,8.296666666666667,8.915,9.65388888888889,10.571666666666667,9.713518518537036,0.0,0,1706.0,97.57,0.054098,-0.007454128440366969,1768.3333333333333,-0.03187919463087252,0.03532949431107571,1770.6666666666667,0.04465902232951113,0.03839459917581704,1716.75,0.06720098643649819,0.032406975481581536,1777.0,0.026574234546504982,1
2018-05,2018-05-02,2018-05-31,22,1732,1795,1728,1777,1780,5695408,819374,0.026574233648009038,2142.0,2250.0,2128.0,2220.0,2224.0,3607436.0,296238.0,0.04029990664066707,443.0,1788.21,11.21,0.006269,1777.0,405.0,412.25,390.75,393.5,-0.028395061057492343,529.0,554.0,486.25,524.75,-0.0075650127514030885,1.3335451080050826,,13.91,39.519999999999996,35.64,29.689999999999998,15.889545454545454,15.707727272727272,17.368636363636366,16.3219696969697,0.0,0,1775.0,13.21,0.007387,0.026574234546504982,1750.6666666666667,-0.02896174863387979,0.03681878417440817,1781.0,0.036151603498542295,0.03734533508625456,1730.8333333333333,0.10509950248756228,0.03256387499446337,1787.0,0.00562746201463149,1
2018-06,2018-06-01,2018-06-29,20,1778,1790,1751,1787,1783,4155518,553190,0.005627462860428034,2217.0,2289.0,2165.0,2240.0,2232.0,2913964.0,181480.0,0.009009008791294182,453.0,1775.57,-11.43,-0.006437,1787.0,394.5,397.0,338.75,359.25,-0.06906266857462617,524.5,538.75,466.75,502.0,-0.02431867296935397,1.3973556019485038,,127.33000000000001,75.72,57.37,86.80666666666667,21.156,20.6555,23.409,21.740166666666667,0.0,0,1770.0,5.57,0.003137,0.00562746201463149,1765.0,0.024655963302752326,0.017165006922518593,1776.1666666666667,-0.0159691629955947,0.027415050076748295,1739.1666666666667,0.05927682276229995,0.029991450713557476,1854.0,0.03749300503637376,1
2018-07,2018-07-02,2018-07-31,22,1789,1879,1774,1854,1849,4454186,653722,0.03749300507715492,2240.0,2299.0,2232.0,2277.0,2276.0,2412710.0,153810.0,0.016517857293165683,423.0,1771.64,-82.36,-0.046488,1854.0,360.5,374.25,337.25,372.25,0.03618650105079535,501.75,565.0,471.25,554.5,0.10458167276308195,1.4895903290799195,,164.46,84.43,81.33,110.07333333333332,24.849090909090908,25.438181818181818,27.383636363636366,25.89030303030303,0.0,0,1781.0,-9.36,-0.005283,0.03749300503637376,1806.0,0.07105719237435015,0.01619361839626433,1787.1666666666667,0.03691275167785224,0.03068984134256644,1756.5833333333333,0.12705167173252274,0.02970225846639529,1904.0,0.026968716289104577,1
2018-08,2018-08-01,2018-08-31,23,1855,1908,1842,1904,1899,9614898,1040200,0.026968717543680354,2281.0,2396.0,2258.0,2360.0,2359.0,3337352.0,211386.0,0.03645147217456968,456.0,1774.64,-129.36,-0.072894,1904.0,371.75,373.75,340.25,366.0,-0.01678979036775574,554.75,593.0,494.75,546.5,-0.014427413299515579,1.4931693989071038,,78.63,176.21,102.52,119.11999999999999,21.172608695652176,22.26521739130435,24.05913043478261,22.498985507246378,0.0,0,1822.0,-47.36,-0.026687,0.026968716289104577,1848.3333333333333,0.07146876758581877,0.0162358790939189,1799.5,0.040437158469945444,0.031106049293798625,1774.6666666666667,0.12863070539419086,0.029771530690157436,1847.0,-0.02993697478991597,0
2018-09,2018-09-03,2018-09-28,19,1904,1939,1845,1847,1850,8132728,724998,-0.029936974455771925,2360.0,2386.0,2308.0,2325.0,2320.0,2783160.0,230738.0,-0.014830506511762986,478.0,1786.14,-60.86,-0.034073,1847.0,366.0,369.75,342.5,356.5,-0.03472537449073898,546.5,546.5,495.25,510.5,-0.07253022425836897,1.4319775596072932,,53.19,40.49,25.619999999999997,39.766666666666666,15.463684210526315,16.336315789473684,17.562105263157896,16.454035087719298,0.0,1,1822.0,-35.86,-0.020077,-0.02993697478991597,1868.3333333333333,0.033575825405707915,0.036276301975694474,1816.6666666666667,0.05905963302752304,0.025444635184348353,1787.5,0.09096278795038404,0.031974255519472194,1891.0,0.02382241472658375,1
2018-10,2018-10-08,2018-10-31,18,1847,1913,1840,1891,1893,6956628,764896,0.023822414582020057,2325.0,2438.0,2315.0,2413.0,2409.0,3657090.0,281548.0,0.03784946267736378,522.0,1805.71,-85.29,-0.047233,1891.0,369.5,378.5,360.25,363.25,-0.012907608558808459,525.25,527.0,485.5,501.25,-0.041586998332827974,1.379903647625602,,10.290000000000001,24.97,13.35,16.203333333333333,4.596666666666667,5.240555555555556,5.672777777777778,5.169999999981481,0.0,1,1849.0,-43.29,-0.023974,0.02382241472658375,1880.6666666666667,0.019956850053937325,0.03198496743755826,1843.3333333333333,0.09243212016175617,0.024364356409281373,1807.0,0.1412190706095353,0.030885625861563022,1953.0,0.032786885245901676,1
2018-11,2018-11-01,2018-11-30,22,1892,1997,1862,1953,1953,8294664,986794,0.032786885365741814,2415.0,2437.0,2361.0,2424.0,2416.0,4291048.0,161416.0,0.004558641826629906,471.0,1850.71,-102.29,-0.055271,1953.0,363.5,379.0,355.25,376.75,0.03716448780231518,500.75,520.75,492.0,515.495,0.028418953126528868,1.368268082282681,,13.14,11.66,1.46,8.753333333333332,-5.067272727272727,-3.2340909090909093,-2.4059090909090908,-3.5690909091666665,0.0,1,1917.0,-66.29,-0.035819,0.032786885245901676,1897.0,0.025735294117646967,0.033923237637032075,1872.6666666666667,0.09904333145751276,0.025071698142888007,1826.8333333333333,0.13877551020408174,0.0307386280185039,1869.0,-0.043010752688172005,0
2018-12,2018-12-03,2018-12-28,20,1904,1942,1831,1869,1864,10055954,1160300,-0.04301075378978958,2368.0,2382.0,2295.0,2331.0,2326.0,2996036.0,176402.0,-0.03836633722859928,462.0,1850.0,-19.0,-0.01027,1869.0,376.75,387.75,372.5,375.0,-0.004644990635457091,515.5,538.5,507.25,511.253,-0.00822898410893158,1.3633413333333333,,3.0899999999999994,2.54,0.51,2.046666666666666,-15.178999999999998,-12.754999999999999,-11.503,-13.145666666650001,0.0,0,1840.0,10.0,0.005405,-0.043010752688172005,1904.3333333333333,0.011911207363291876,0.04141721847003049,1886.3333333333333,0.045886961387800795,0.03503054793796176,1831.25,0.029185022026431806,0.0304765930871909,1863.0,-0.0032102728731941976,0
2019-01,2019-01-02,2019-01-31,22,1865,1872,1802,1863,1861,7985116,1034298,-0.0032102734078396367,2330.0,2350.0,2252.0,2332.0,2329.0,2850374.0,183830.0,0.0004290000675459815,469.0,1797.14,-65.86,-0.036647,1863.0,374.25,384.5,371.0,376.001,0.0046760012812354645,503.0,529.0,501.25,516.501,0.026838912996245634,1.3736692189648432,,1.37,0.49000000000000005,0.08,0.6466666666666663,-14.175454545454546,-12.023636363636363,-10.709545454545456,-12.302878788363635,0.0,0,1830.0,-32.86,-0.018285,-0.0032102728731941976,1895.0,-0.014806980433633044,0.037914719003175536,1887.8333333333333,0.004854368932038833,0.031990861189073405,1837.5,0.04194630872483218,0.030012318517416006,1821.0,-0.02254428341384862,0
2019-02,2019-02-01,2019-02-28,15,1866,1875,1780,1821,1807,5411048,1159600,-0.022544283206716087,2329.0,2349.0,2223.0,2268.0,2253.0,2108924.0,239966.0,-0.027444253733353685,447.0,1780.0,-41.0,-0.023034,1821.0,376.0,380.75,361.25,361.501,-0.028287827399316234,516.5,526.5,452.25,452.751,-0.11241874209707359,1.2524197720061632,,0.04,3.17,1.6900000000000002,1.6333333333333333,-8.036666666666667,-6.568666666666667,-5.962000000000001,-6.8557777777333335,0.0,0,1728.0,52.0,0.029213,-0.02254428341384862,1851.0,-0.06758832565284179,0.019902924917565096,1874.0,-0.04359243697478987,0.030370650129287927,1836.75,-0.004918032786885296,0.03021458058570597,1844.0,0.012630422844590816,1
2019-03,2019-03-01,2019-03-29,21,1825,1859,1806,1844,1839,8027610,1142300,0.012630422590925727,2270.0,2328.0,2260.0,2275.0,2272.0,2828036.0,176488.0,0.003086419458687484,431.0,1764.29,-79.71,-0.04518,1844.0,370.75,380.75,356.0,356.754,-0.013131358944428184,458.75,478.0,427.0,459.25,0.01435446949301089,1.28730161399732,,10.209999999999999,14.9,15.1,13.403333333333334,-0.19190476190476197,0.699047619047619,1.2852380952380953,0.5974603174761904,0.0,0,1819.0,-54.71,-0.03101,0.012630422844590816,1842.6666666666667,-0.013376136971642638,0.017616240446328108,1873.5,-0.0016242555495398214,0.02888062593060709,1845.0833333333333,0.05733944954128445,0.02645012372782573,1916.0,0.0390455531453362,1
2019-04,2019-04-01,2019-04-30,20,1845,1925,1831,1916,1913,12675676,1245546,0.03904555388010711,2272.0,2388.0,2271.0,2377.0,2372.0,2053646.0,162508.0,0.04483516366143103,461.0,1790.0,-126.0,-0.070391,1916.0,357.0,366.25,342.25,353.751,0.011081126618956327,459.5,477.5,416.25,418.501,-0.06235804871039652,1.1830383518350478,,11.82,1.4100000000000001,1.92,5.05,7.1235,7.596500000000001,8.7765,7.832166666666668,0.0,0,1859.0,-69.0,-0.038547,0.0390455531453362,1860.3333333333333,0.028448738593666034,0.03089856263258845,1877.6666666666667,0.01322051824431525,0.03189504413329643,1860.5,0.10687463893703053,0.027833060262855844,1971.0,0.028705636743215024,1
2019-05,2019-05-06,2019-05-31,20,1932,2021,1913,1971,1978,15444519,1045862,0.028705636709062787,2385.0,2477.0,2370.0,2421.0,2426.0,2435471.0,155672.0,0.018510726898252727,450.0,1865.71,-105.29,-0.056434,1971.0,359.0,438.0,343.0,427.495,0.15462422295979428,431.25,521.75,418.5,504.745,0.1537134055618412,1.1807038678814956,,35.83,40.19,11.98,29.333333333333332,15.084999999999999,16.1845,17.9595,16.409666666666666,0.0,0,1932.0,-66.29,-0.035531,0.028705636743215024,1910.3333333333333,0.08237232289950569,0.01331093211045423,1880.6666666666667,0.009216589861751112,0.031157926900527804,1876.6666666666667,0.10917276308384927,0.027962920969160917,1948.0,-0.011669203450025423,0
2019-06,2019-06-03,2019-06-28,19,1968,1984,1934,1948,1948,11954874,1043312,-0.011669203693234764,2421.0,2430.0,2370.0,2385.0,2384.0,2207138.0,144052.0,-0.014869888723941238,437.0,1867.14,-80.86,-0.043307,1948.0,426.25,464.25,407.0,422.748,-0.0028091123208451307,505.75,558.0,487.75,528.0,0.0543462068534013,1.248971018195237,,57.0,110.37,53.45,73.60666666666667,20.52,20.108947368421052,22.260526315789473,20.96315789473684,0.0,0,1901.0,-33.86,-0.018135,-0.011669203450025423,1945.0,0.05639913232104132,0.026798719273998056,1893.8333333333333,0.04226859283039053,0.023896670908485077,1890.0833333333333,0.09009513150531623,0.02859302891565564,1930.0,-0.00924024640657084,0
2019-07,2019-07-01,2019-07-31,23,1948,1949,1909,1930,1926,8372124,706914,-0.00924024635277465,2385.0,2390.0,2314.0,2367.0,2360.0,2362814.0,142086.0,-0.007547170177295781,437.0,1881.43,-98.57,-0.052391,1980.0,429.25,464.75,409.5,409.75,-0.030746450523704394,529.5,531.5,483.25,486.5,-0.07859848356537313,1.1873093349603416,,155.7,123.31,50.98,109.99666666666667,23.433478260869567,24.29391304347826,26.38782608695652,24.70507246376812,0.0,0,1930.0,-48.57,-0.025815,-0.00924024640657084,1949.6666666666667,0.007306889352818313,0.022641840329229154,1905.0,0.03596349973161561,0.02453819680829365,1896.4166666666667,0.04099244875943908,0.027303431372860905,1871.0,-0.030569948186528473,0
2019-08,2019-08-01,2019-08-30,22,1930,1979,1864,1871,1875,12772302,1165456,-0.030569948216731535,2366.0,2376.0,2263.0,2278.0,2276.0,2256322.0,204054.0,-0.037600338992029525,407.0,1875.71,4.71,0.002511,1871.0,411.0,424.5,364.25,369.0,-0.09945088514248601,484.75,505.25,459.25,461.25,-0.05190133661913654,1.25,,130.77,168.42000000000002,129.95000000000002,143.04666666666665,21.044090909090908,21.813636363636363,22.577272727272728,21.811666666666667,0.0,0,1824.0,51.71,0.027568,-0.030569948186528473,1916.3333333333333,-0.050735667174023336,0.011676858609626936,1913.3333333333333,0.027457440966501823,0.02655163865037263,1893.6666666666667,-0.017331932773109293,0.02789078707253001,1823.0,-0.0256547300908605,0
2019-09,2019-09-02,2019-09-30,20,1873,1889,1810,1823,1819,11787330,1176446,-0.025654730363279588,2276.0,2295.0,2173.0,2198.0,2184.0,2246572.0,246048.0,-0.03511852617885158,375.0,1851.43,28.43,0.015356,1823.0,384.0,388.25,352.25,386.75,0.04242605271521516,474.0,501.0,450.5,495.5,0.07703778795013472,1.2811893988364575,,7.91,7.03,3.35,6.096666666666667,15.172,16.5535,17.974,16.566499999999998,0.0,1,1792.0,59.43,0.0321,-0.0256547300908605,1874.6666666666667,-0.06416837782340867,0.011169533126409158,1909.8333333333333,-0.011388286334056419,0.028803246057391707,1891.6666666666667,-0.01299404439631835,0.027513112527477335,1873.0,0.027427317608337942,1
2019-10,2019-10-08,2019-10-31,18,1823,1894,1810,1873,1881,12610330,1367220,0.027427318245982546,2188.0,2243.0,2176.0,2224.0,2231.0,2553968.0,229070.0,0.01182893541479113,351.0,1844.29,-28.71,-0.015567,1873.0,386.5,402.5,378.25,389.5,0.007110535815353369,487.25,535.0,486.75,508.5,0.038815118189901465,1.305519897304236,,19.36,25.43,22.939999999999998,22.576666666666668,5.286111111111111,6.813888888888889,7.147777777777778,6.415925925925926,0.0,1,1829.0,15.29,0.00829,0.027427317608337942,1855.6666666666667,-0.029533678756476722,0.03215987664919424,1902.6666666666667,-0.022442588726513613,0.025756562217382883,1890.1666666666667,-0.009518773135906877,0.0278236405838187,1830.0,-0.02295782167645488,0
2019-11,2019-11-01,2019-11-29,21,1873,1895,1814,1830,1820,15605902,816132,-0.022957821490457442,2222.0,2247.0,2178.0,2200.0,2190.0,3026086.0,194136.0,-0.010791367777165273,370.0,1855.71,-45.29,-0.024406,1901.0,389.0,391.75,365.75,380.75,-0.022464698966988217,508.0,546.0,501.5,542.0,0.0658800393024821,1.4235062376887722,,7.5200000000000005,16.96,5.02,9.833333333333332,-7.4747619047619045,-5.787142857142857,-3.849047619047619,-5.703650793809524,0.0,1,1830.0,25.71,0.013855,-0.02295782167645488,1842.0,-0.021913415285943372,0.029898827634997207,1879.1666666666667,-0.07153729071537296,0.02104059838873213,1879.9166666666667,-0.06298003072196623,0.02638793737331447,1910.0,0.04371584699453557,1
2019-12,2019-12-02,2019-12-31,22,1829,1922,1817,1910,1911,12009682,1441476,0.043715845991362245,2200.0,2282.0,2163.0,2275.0,2273.0,2286142.0,170812.0,0.034090908429769584,365.0,1835.71,-74.29,-0.040469,1910.0,381.0,392.0,371.0,387.25,0.0170715700949593,541.75,564.5,516.25,559.25,0.031826569791375325,1.4441575209812785,,9.86,15.05,8.73,11.213333333333333,-16.90772727272727,-14.42818181818182,-13.230454545454545,-14.855454545772727,0.0,0,1816.0,19.71,0.010737,0.04371584699453557,1871.0,0.047723532638507926,0.034759546756639406,1872.8333333333333,-0.019507186858316206,0.03104416105044452,1883.3333333333333,0.02193686463349387,0.026928074441921846,1912.0,0.0010471204188482464,1
2020-01,2020-01-02,2020-01-23,16,1911,1950,1906,1912,1916,4298208,652293,0.0010471208155087286,2280.0,2309.0,2257.0,2258.0,2264.0,985945.0,64019.0,-0.007472527762388714,346.0,1830.0,-82.0,-0.044809,1912.0,389.75,394.0,375.25,393.5,0.016139445417053366,559.5,592.5,545.25,579.25,0.03576218103132511,1.472045743329098,,3.28,2.7800000000000002,2.3600000000000003,2.8066666666666666,-17.425,-15.183125,-12.951875,-15.1866666673125,0.0,0,1870.0,-40.0,-0.021858,0.0010471204188482464,1884.0,0.02082221035771492,0.033769403228955226,1869.8333333333333,-0.00932642487046631,0.03090640536681741,1887.4166666666667,0.026301663982823298,0.02687917894355098,1922.0,0.0052301255230124966,1
2020-02,2020-02-03,2020-02-28,20,1920,1948,1900,1922,0,5733421,574401,0.005230126168288773,2254.0,2281.0,2226.0,2229.0,0.0,1072164.0,108077.0,-0.0128432245870852,307.0,1851.43,-70.57,-0.038116,1922.0,379.25,385.0,365.75,368.25,-0.03536345698941845,550.5,570.75,512.5,525.0,-0.05106190721494486,1.4256619144602851,,5.29,5.3,1.85,4.146666666666666,-13.551499999999999,-9.863,-7.598999999999999,-10.33783333315,0.0,0,1883.0,-31.57,-0.017052,0.0052301255230124966,1914.6666666666667,0.050273224043715814,0.02352044683701069,1878.3333333333333,0.027258150721539254,0.027344816698608575,1895.8333333333333,0.05546403075233397,0.02569691052958802,2048.0,0.0655567117585849,1
2020-03,2020-03-02,2020-03-31,22,1927,2062,1923,2048,0,8213948,777752,0.06555671149133024,2231.0,2287.0,2210.0,2271.0,0.0,1406792.0,66054.0,0.018842530581121064,223.0,1864.29,-183.71,-0.098542,2048.0,371.0,386.75,332.0,341.5,-0.07264086903539879,520.25,587.0,491.75,568.0,0.08190476213038234,1.6632503660322109,,4.83,12.209999999999999,15.9,10.98,-2.670909090909091,-0.4445454545454546,0.889090909090909,-0.7421212120909092,0.0,0,1990.0,-125.71,-0.06743,0.0655567117585849,1960.6666666666667,0.07225130890052367,0.036097742111659475,1915.8333333333333,0.12342292923752063,0.031986733654320317,1912.8333333333333,0.11062906724511934,0.031129206083587397,2074.0,0.0126953125,1
2020-04,2020-04-01,2020-04-30,21,2048,2109,2022,2074,0,7904330,826144,0.012695312345046617,2267.0,2475.0,2242.0,2409.0,0.0,1232147.0,77615.0,0.06076618174409942,335.0,1931.43,-142.57,-0.073816,2074.0,337.0,343.25,309.0,319.0,-0.05876059424830182,560.25,571.75,506.75,523.5,-0.0858145823019133,1.641065830721003,,18.66,14.55,11.299999999999999,14.836666666666664,6.192857142857143,6.308571428571428,8.036190476190475,6.8458730158888885,0.0,0,2026.0,-94.57,-0.048964,0.0126953125,2014.6666666666667,0.08472803347280333,0.032887063198707926,1949.3333333333333,0.10731446876668449,0.03186807758621629,1926.0,0.08246346555323592,0.029732044423116662,2078.0,0.0019286403085825299,1
2020-05,2020-05-06,2020-05-29,18,2090,2094,2013,2078,0,6905433,711962,0.0019286398097624335,2424.0,2441.0,2355.0,2420.0,0.0,1183371.0,79595.0,0.004566209764309326,342.0,1985.71,-92.29,-0.046477,2078.0,318.0,330.75,313.25,325.5,0.026004728773220798,520.0,528.0,493.75,521.5,0.004333173271797053,1.6021505376344083,,21.09,16.31,44.69,27.36333333333333,14.289444444444444,14.068888888888889,16.151666666666667,14.836666666666666,0.0,0,2050.0,-64.29,-0.032376,0.0019286403085825299,2066.6666666666665,0.08116545265348596,0.03405578814753709,1990.6666666666667,0.13551912568306013,0.02675031899505365,1934.9166666666667,0.054287163876205025,0.028951447489846693,2090.0,0.005774783445620768,1
2020-06,2020-06-01,2020-06-30,20,2078,2149,2053,2090,0,8512178,695443,0.0057747830436769565,2421.0,2462.0,2381.0,2424.0,0.0,1359636.0,69492.0,0.0016528934350634739,334.0,2052.86,-37.14,-0.018092,2090.0,325.5,354.25,317.5,350.0,0.09386623258889104,520.0,529.0,475.0,492.0,-0.03721258963500096,1.4057142857142857,,105.41,59.95,55.25000000000001,73.53666666666666,18.9835,20.282,21.8265,20.363999999999997,0.0,0,2077.0,-24.14,-0.011759,0.005774783445620768,2080.6666666666665,0.0205078125,0.0054560023445212585,2020.6666666666667,0.09424083769633507,0.024926131783694766,1946.75,0.0728952772073923,0.028483921221095783,2323.0,0.11148325358851685,1
2020-07,2020-07-01,2020-07-31,23,2090,2366,2076,2323,2334,12645995,390795,0.11148325340440213,2420.0,2723.0,2412.0,2692.0,2699.0,2395430.0,75299.0,0.11056105658577509,369.0,2237.14,-10.86,-0.004854,2248.0,350.0,363.0,325.5,326.0,-0.06857142812749084,492.0,551.75,487.75,530.75,0.0787601620474303,1.628067484662577,,84.92,58.16,31.88,58.32,23.981739130434786,24.239565217391306,25.6504347826087,24.62391304347826,0.0,0,2323.0,-85.86,-0.038379,0.11148325358851685,2163.6666666666665,0.12005785920925738,0.06217084896731224,2089.1666666666665,0.21495815899581583,0.044957792774330346,1979.5,0.20362694300518136,0.041060034943900564,2262.0,-0.02625914765389581,0
2020-08,2020-08-03,2020-08-31,21,2317,2329,2213,2262,2262,12693880,1218279,-0.026259147027161478,2697.0,2748.0,2500.0,2571.0,2574.0,1804570.0,77132.0,-0.04494799344656908,309.0,2244.29,-17.71,-0.007891,2262.0,327.5,364.25,320.0,358.25,0.09892638033128343,525.0,560.25,488.0,551.25,0.03862458929645962,1.5387299371946963,,109.07000000000001,156.56,160.98,142.20333333333332,21.46238095238095,22.930476190476192,23.405714285714286,22.59952380952381,0.0,0,2219.0,25.29,0.011269,-0.02625914765389581,2225.0,0.08854667949951867,0.07208030533331779,2145.8333333333335,0.1768990634755463,0.0504583787121086,2012.0833333333333,0.20897915553180124,0.04062922878108899,2468.0,0.09106984969053933,1
2020-09,2020-09-01,2020-09-30,22,2265,2499,2262,2468,2451,19235647,1336872,0.09106985055526673,2571.0,2813.0,2564.0,2759.0,2738.0,3016844.0,121899.0,0.07312329887837787,291.0,2280.0,-188.0,-0.082456,2468.0,356.25,382.75,351.0,378.75,0.057222609225829,550.0,587.0,533.25,578.0,0.048526078048429566,1.526072607260726,,210.28,259.44,121.08,196.93333333333334,15.244545454545454,15.845454545454546,15.611363636363636,15.567121212121213,0.0,1,2434.0,-154.0,-0.067544,0.09106984969053933,2351.0,0.18086124401913883,0.07433681207470297,2215.8333333333335,0.205078125,0.05506725418821255,2065.8333333333335,0.3538123971475591,0.04345077550553329,2621.0,0.06199351701782829,1
2020-10,2020-10-09,2020-10-30,16,2499,2629,2495,2621,2608,13809054,1314699,0.06199351742970505,2780.0,2973.0,2780.0,2940.0,2926.0,2269815.0,137091.0,0.06560348093695878,319.0,2371.43,-249.57,-0.10524,2621.0,390.0,422.25,386.5,397.5,0.027131783384528818,600.75,638.25,587.0,598.75,0.0050356688051778065,1.5062893081761006,,1.4400000000000002,9.77,4.7299999999999995,5.3133333333333335,3.115625,4.1987499999999995,4.708125,4.0075,0.0,1,2577.0,-205.57,-0.086686,0.06199351701782829,2450.3333333333335,0.12828239345673698,0.06110109049927615,2307.0,0.26374156219864986,0.055148502427516954,2128.1666666666665,0.39935931660437807,0.044654685580147284,2601.0,-0.007630675314765356,0
2020-11,2020-11-02,2020-11-30,21,2624,2628,2492,2601,2598,11363649,499076,-0.007630675941114107,2940.0,2975.0,2780.0,2963.0,2937.0,2376759.0,95197.0,0.007823129720957889,362.0,2422.86,-258.14,-0.106544,2681.0,393.0,439.5,393.0,426.5,0.07295597371786045,592.75,626.25,580.25,586.25,-0.02087682588667139,1.3745603751465416,,25.31,40.3,37.37,34.32666666666667,-5.190476190476191,-4.123333333333333,-3.5542857142857143,-4.289365079476191,0.0,1,2601.0,-178.14,-0.073525,-0.007630675314765356,2563.3333333333335,0.14986737400530514,0.05071941593378044,2394.1666666666665,0.2516843118383061,0.05662137218310399,2192.4166666666665,0.42131147540983616,0.043221091780502735,2742.0,0.05420991926182239,1
2020-12,2020-12-01,2020-12-31,23,2681,2747,2556,2742,2737,13000061,1061496,0.054209918690047765,2963.0,3110.0,2822.0,3090.0,3095.0,2334819.0,115943.0,0.04286196547711496,348.0,2528.57,-213.43,-0.084407,2742.0,426.5,484.75,414.5,484.5,0.13599062107643856,585.0,644.5,565.5,642.0,0.09509594845622527,1.325077399380805,,1.1,0.18,0.02,0.4333333333333327,-18.265652173913043,-17.634347826086955,-15.683913043478261,-17.19463768073913,0.0,0,2690.0,-161.43,-0.063842,0.05420991926182239,2654.6666666666665,0.11102106969205838,0.03814964326958419,2502.8333333333335,0.3119617224880382,0.05427167558942993,2261.75,0.4356020942408376,0.04361604824328904,2714.0,-0.010211524434719177,0
2021-01,2021-01-04,2021-01-29,20,2755,2930,2704,2714,2720,13929541,995416,-0.010211524122438309,3095.0,3348.0,3079.0,3105.0,3121.0,3138352.0,143566.0,0.004854367178972918,391.0,2832.86,118.86,0.041958,2714.0,491.5,553.75,479.75,546.75,0.12848297149356336,645.0,693.0,624.25,662.5,0.031931462597383,1.211705532693187,,5.2,9.97,5.28,6.8166666666666655,-20.202,-17.9075,-17.4225,-18.51066666565,0.0,0,2702.0,130.86,0.046194,-0.010211524434719177,2685.6666666666665,0.03548264021365899,0.03647154673557761,2568.0,0.16831683168316824,0.047937794493582445,2328.5833333333335,0.41945606694560666,0.044442175618457376,2777.0,0.02321296978629328,1
2021-02,2021-02-01,2021-02-26,15,2714,2855,2714,2777,2800,9367827,792753,0.023212969820667118,3106.0,3362.0,3104.0,3292.0,3305.0,2381991.0,136975.0,0.06022544191348089,515.0,2882.86,105.86,0.03672,2777.0,549.0,574.25,529.25,536.5,-0.053839479813006186,663.5,688.5,625.75,659.25,-0.02526859659908154,1.2287977632805218,,3.1700000000000004,1.99,0.25,1.8033333333333335,-17.100666666666665,-14.343333333333334,-11.312666666666667,-14.252222222666665,0.0,0,2807.0,75.86,0.026314,0.02321296978629328,2744.3333333333335,0.06766628219915427,0.03221834389149985,2653.8333333333335,0.22767462422634832,0.04059735048520325,2399.8333333333335,0.44484911550468254,0.04381182867911135,2631.0,-0.05257472092185811,0
2021-03,2021-03-01,2021-03-31,23,2783,2831,2605,2631,2624,12471134,545537,-0.05257472044357836,3290.0,3353.0,3143.0,3176.0,3175.0,3930530.0,118516.0,-0.03523693743947909,545.0,2831.43,200.43,0.070788,2631.0,547.0,564.25,529.25,564.25,0.05172413703672607,662.25,668.75,593.25,618.25,-0.062191884484303905,1.095702259636686,,6.0600000000000005,4.6899999999999995,3.2199999999999998,4.656666666666666,-1.4356521739130437,0.7286956521739131,1.751304347826087,0.34811594217391295,0.0,0,2631.0,200.43,0.070788,-0.05257472092185811,2707.3333333333335,-0.040481400437636816,0.03798159925852881,2681.0,0.06604538087520262,0.043483028914379857,2448.4166666666665,0.28466796875,0.04859356269144378,2733.0,0.03876852907639683,1
2021-04,2021-04-01,2021-04-30,21,2633,2779,2593,2733,2736,9434043,591569,0.03876853084431153,3191.0,3381.0,3103.0,3260.0,3268.0,3013619.0,112926.0,0.026448362099475986,527.0,2827.14,94.14,0.033299,2733.0,575.0,684.0,552.25,673.25,0.20667425850746013,623.0,769.5,601.25,734.75,0.16873197010765084,1.0913479391013738,,10.879999999999999,13.67,19.4,14.649999999999999,6.5980952380952385,7.5285714285714285,8.87095238095238,7.665873015873016,0.0,0,2812.0,15.14,0.005355,0.03876852907639683,2713.6666666666665,0.007000736919675843,0.04886944991155184,2699.6666666666665,0.042731781762685994,0.038879152357760814,2503.3333333333335,0.3177434908389585,0.04871557486072672,2666.0,-0.02451518477863157,0
2021-05,2021-05-06,2021-05-31,18,2759,2887,2655,2666,2683,10387030,595732,-0.02451518558061372,3290.0,3377.0,3148.0,3157.0,3170.0,3116242.0,115648.0,-0.03159509250139225,491.0,2825.71,159.71,0.05652,2666.0,709.5,735.25,602.75,655.75,-0.07314487673870573,746.75,767.5,639.5,664.0,-0.10752688099004115,1.0125810141059854,,39.779999999999994,10.0,10.75,20.176666666666666,15.350555555555555,15.948888888888888,17.86777777777778,16.389074074074074,0.0,0,2716.0,109.71,0.038826,-0.02451518477863157,2676.6666666666665,-0.039971191933741435,0.046789876626078454,2710.5,0.024990388312187584,0.040769649792721206,2552.3333333333335,0.28296438883541875,0.05038955524458889,2613.0,-0.01987996999249808,0
2021-06,2021-06-01,2021-06-30,21,2663,2768,2556,2613,2614,10249015,566391,-0.01987996952662341,3157.0,3220.0,2924.0,3014.0,3012.0,3081440.0,126947.0,-0.045296168878677046,401.0,2777.14,164.14,0.059104,2613.0,666.0,717.5,514.25,588.5,0.06037134308535275,673.25,704.0,632.25,680.25,0.03512466889677768,1.1559048428207306,,68.79,130.44,66.04,88.42333333333333,19.874761904761904,19.59,21.474285714285713,20.31301587301587,0.0,0,2582.0,195.14,0.070267,-0.01987996999249808,2670.6666666666665,-0.0068415051311288,0.035275014997475845,2689.0,-0.04704595185995619,0.03336441108999465,2595.9166666666665,0.2502392344497608,0.05167350107355806,2573.0,-0.015308075009567546,0
2021-07,2021-07-01,2021-07-30,22,2613,2657,2502,2573,2569,11709182,501985,-0.015308077205635318,3002.0,3053.0,2836.0,2915.0,2921.0,4121792.0,125248.0,-0.03284671591983279,342.0,2725.71,152.71,0.056026,2573.0,607.25,611.25,507.0,544.5,-0.07476635567439238,685.5,718.0,609.5,703.25,0.033811097837907145,1.2915518824609733,,124.03,114.74000000000001,70.11,102.96000000000001,25.03318181818182,25.243636363636366,26.14909090909091,25.475303030303028,0.0,0,2573.0,152.71,0.056026,-0.015308075009567546,2617.3333333333335,-0.05854372484449322,0.004603591173351066,2665.5,-0.051952837140751607,0.03351078801593014,2616.75,0.10761945759793368,0.04359151440954069,2487.0,-0.03342401865526623,0
2021-08,2021-08-02,2021-08-31,22,2572,2632,2472,2487,2483,10462344,807879,-0.03342401857910082,2915.0,3079.0,2812.0,2836.0,2827.0,3065976.0,114523.0,-0.027101200071978915,349.0,2751.43,264.43,0.096106,2487.0,545.5,594.25,525.25,534.75,-0.01790633371649919,716.75,778.25,704.0,724.0,0.029505866128675118,1.3539036933146331,,96.46,172.6,135.82,134.96,20.527272727272727,20.927727272727275,21.13,20.861666666666665,0.0,0,2517.0,234.43,0.085203,-0.03342401865526623,2557.6666666666665,-0.06714178544636162,0.009420995100381848,2617.1666666666665,-0.10442924018725241,0.030688813467519605,2635.5,0.09946949602122013,0.04416966808913171,2520.0,0.013268998793727338,1
2021-09,2021-09-01,2021-09-30,20,2486,2520,2429,2520,2497,11668895,821784,0.013269000337122083,2825.0,3043.0,2792.0,3037.0,3022.0,3374994.0,94398.0,0.07087447043705963,517.0,2611.43,91.43,0.035011,2520.0,528.75,548.5,497.5,537.25,0.026568728072439374,720.0,733.25,677.0,725.5,0.027505118391666583,1.3503955328059565,,41.14,80.87,38.23,53.413333333333334,15.3875,16.2975,16.4345,16.039833333333334,0.0,1,2517.0,94.43,0.03616,0.013268998793727338,2526.6666666666665,-0.03559127439724452,0.02354100833235879,2598.6666666666665,-0.04218928164196123,0.027369255238575446,2639.8333333333335,0.021069692058346856,0.03594088469404722,2627.0,0.04246031746031753,1
2021-10,2021-10-08,2021-10-29,16,2510,2644,2480,2627,2610,10621781,742734,0.04246031525652083,3030.0,3316.0,2946.0,3128.0,3093.0,3427704.0,36514.0,0.029963780366012216,501.0,2630.0,3.0,0.001141,2627.0,537.75,569.25,506.75,569.0,0.06654170603782994,744.25,780.0,712.75,772.75,0.04319946072823022,1.358084358523726,,1.34,4.04,0.16,1.8466666666666662,5.16125,6.175,6.600625,5.978958333333333,0.0,1,2612.0,18.0,0.006844,0.04246031746031753,2544.6666666666665,0.020987174504469408,0.03827706761602245,2581.0,-0.03878521770947674,0.028613121725661217,2640.3333333333335,0.0022892025944296623,0.03334116647676426,2645.0,0.00685192234488019,1
2021-11,2021-11-01,2021-11-30,22,2627,2736,2605,2645,2660,11055060,572539,0.006851921710395503,3123.0,3294.0,3093.0,3129.0,3137.0,3048150.0,112880.0,0.000319693580304925,484.0,2680.0,35.0,0.01306,2645.0,572.0,596.75,547.75,568.5,-0.0008787362193771742,781.25,874.75,762.5,789.25,0.021352312899740378,1.38830255057168,,37.37,21.16,20.28,26.270000000000003,-5.944545454545454,-3.1636363636363636,-3.3822727272727273,-4.163484848590909,0.0,1,2645.0,35.0,0.01306,0.00685192234488019,2597.3333333333335,0.06353035786087657,0.018979241986715686,2577.5,-0.007876969242310627,0.027446483598548874,2644.0,0.016916570549788457,0.03327432939386468,2672.0,0.010207939508506625,1
2021-12,2021-12-01,2021-12-31,23,2645,2756,2632,2672,2673,9929334,1015352,0.010207939911340613,3129.0,3187.0,2931.0,2981.0,2975.0,2983635.0,143026.0,-0.04729945625205545,309.0,2667.14,-4.86,-0.001822,2672.0,572.5,617.75,567.25,592.5,0.04221635932397372,793.75,824.0,751.0,770.25,-0.02407348681006205,1.3,,5.83,3.68,0.54,3.349999999999999,-18.336521739130436,-11.62782608695652,-10.218260869565217,-13.394202898739131,0.0,0,2600.0,67.14,0.025173,0.010207939508506625,2648.0,0.060317460317460325,0.019661453563788706,2587.3333333333335,0.022579410639112174,0.026019764493815996,2638.1666666666665,-0.025528811086797942,0.029155961806663383,2763.0,0.03405688622754499,1
2022-01,2022-01-04,2022-01-28,19,2675,2783,2670,2763,2768,8421100,1161813,0.03405688660772532,2970.0,3191.0,2963.0,3188.0,3173.0,2411104.0,115532.0,0.06943978448956245,425.0,2672.86,-90.14,-0.033724,2763.0,593.25,637.25,585.25,636.0,0.07842306059197823,763.5,831.5,735.5,787.25,0.03858838961509492,1.237814465408805,,1.24,0.85,0.02,0.7033333333333327,-21.257368421052632,-15.481052631578947,-13.771052631578947,-16.836491227894737,0.0,0,2722.0,-49.14,-0.018385,0.03405688622754499,2693.3333333333335,0.051770079939094105,0.0148332125687997,2619.0,0.0738437621453556,0.026490247817891152,2642.25,0.018054532056005934,0.030746844529230277,2856.0,0.03365906623235615,1
2022-02,2022-02-07,2022-02-28,16,2785,2867,2733,2856,2843,8262925,1286532,0.033659067228499095,3171.0,3418.0,3055.0,3391.0,3372.0,2440527.0,193631.0,0.0636762857668618,535.0,2688.57,-167.43,-0.062275,2856.0,630.5,716.25,624.75,690.75,0.11142397408611471,771.0,960.75,754.0,934.75,0.22189542432246356,1.35323923271806,,4.68,3.71,2.1599999999999997,3.516666666666666,-14.021875,-10.294375,-9.36125,-11.2258333330625,0.0,0,2724.0,-35.43,-0.013178,0.03365906623235615,2763.6666666666665,0.07977315689981102,0.013655803802621514,2680.5,0.14837153196622443,0.015050701267214727,2648.8333333333335,0.028447965430320465,0.03154187442601101,2840.0,-0.0056022408963585235,0
2022-03,2022-03-01,2022-03-31,23,2863,2932,2820,2840,2843,9857251,727962,-0.005602241857321721,3391.0,3488.0,3287.0,3326.0,3343.0,3427095.0,201800.0,-0.019168386701250983,486.0,2767.14,-72.86,-0.02633,2840.0,694.25,782.75,692.75,747.25,0.08179514995914938,934.5,1363.5,932.25,1006.75,0.07702594284459141,1.3472733355637336,,12.32,21.35,15.96,16.543333333333333,-2.3860869565217393,-1.1908695652173913,-0.11086956521739126,-1.2292753623333332,0.0,0,2840.0,-72.86,-0.02633,-0.0056022408963585235,2819.6666666666665,0.06287425149700598,0.022783235292767996,2733.8333333333335,0.12698412698412698,0.019039003133296973,2666.25,0.07943747624477382,0.026567889036721956,3044.0,0.07183098591549286,1
2022-04,2022-04-01,2022-04-29,19,2923,3046,2899,3044,3027,7791481,1334863,0.07183098515626751,3340.0,3543.0,3288.0,3486.0,3481.0,2503751.0,200686.0,0.048105833718240065,442.0,2800.0,-244.0,-0.087143,3044.0,748.5,824.5,730.25,812.5,0.048704397883561734,1007.25,1143.5,982.5,1054.75,-0.018238663004587097,1.2981538461538462,,19.54,20.71,5.19,15.146666666666667,7.266315789473684,8.345263157894736,9.265789473684212,8.292456140350877,0.0,0,2943.0,-143.0,-0.051071,0.07183098591549286,2913.3333333333335,0.10170104958378579,0.03871789057668027,2803.3333333333335,0.1587362009897222,0.027693445405374936,2692.1666666666665,0.11379436516648367,0.03145869803207712,2935.0,-0.03580814717476999,0
2022-05,2022-05-05,2022-05-31,19,3035,3035,2919,2935,2935,7637105,1270711,-0.035808147400514745,3476.0,3485.0,3194.0,3232.0,3231.0,2593675.0,207715.0,-0.072862880852546,297.0,2828.57,-106.43,-0.037627,2935.0,794.25,810.25,747.25,752.75,-0.050756620354559634,1079.0,1284.0,1077.25,1087.75,0.011390050657895001,1.445034872135503,,45.52,52.39,33.42,43.776666666666664,14.465263157894736,14.775263157894738,16.54842105263158,15.262982456140351,0.0,0,2886.0,-57.43,-0.020304,-0.03580814717476999,2939.6666666666665,0.02766106442577021,0.055519492614484994,2851.6666666666665,0.10964083175803396,0.037185706664712784,2714.5833333333335,0.10090022505626406,0.03271165198489188,2780.0,-0.05281090289608181,0
2022-06,2022-06-01,2022-06-30,21,2931,2934,2770,2780,2792,8227369,1142264,-0.052810902322942166,3232.0,3296.0,3100.0,3156.0,3170.0,2310667.0,197667.0,-0.023514851524306324,376.0,2827.14,47.14,0.016674,2780.0,753.75,792.0,618.75,623.25,-0.170327552237025,1091.0,1108.75,881.0,890.0,-0.1654843346904249,1.4279983955074207,,87.04,122.28,140.96,116.76,20.273809523809526,19.637619047619047,20.174761904761905,20.02873015873016,0.0,0,2731.0,96.14,0.034006,-0.05281090289608181,2919.6666666666665,-0.021126760563380254,0.06759052833183418,2869.6666666666665,0.04041916167664672,0.047355448183069415,2728.5,0.06391121316494441,0.03647605573965946,2670.0,-0.03956834532374098,0
2022-07,2022-07-01,2022-07-29,21,2770,2774,2548,2670,2666,7756213,736606,-0.039568343978755305,3145.0,3166.0,2901.0,3077.0,3066.0,2560200.0,128540.0,-0.025031683825851525,407.0,2781.43,111.43,0.040062,2670.0,625.0,658.5,561.75,622.25,-0.0016044912679588075,890.0,940.25,754.0,811.75,-0.08792134913698968,1.3045399758939331,,65.99,144.53,169.78,126.76666666666667,24.760952380952382,23.75190476190476,23.844761904761906,24.119206349206348,0.0,0,2670.0,111.43,0.040062,-0.03956834532374098,2795.0,-0.12286465177398165,0.008931201144442173,2854.1666666666665,-0.03365906623235615,0.0486361993929545,2736.5833333333335,0.03769918383210258,0.038374162435285776,2797.0,0.04756554307116101,1
2022-08,2022-08-01,2022-08-31,23,2681,2808,2643,2797,2789,7011334,866209,0.04756554249038003,3096.0,3113.0,2918.0,3064.0,3066.0,2454965.0,176831.0,-0.004224893963992726,267.0,2767.14,-29.86,-0.010791,2797.0,623.75,683.75,587.5,670.5,0.07754118215350903,812.75,849.0,743.25,832.25,0.02525408091001413,1.2412378821774794,,139.09,93.95,75.12,102.72,20.835217391304347,20.652608695652173,21.58304347826087,21.023623188405796,0.0,0,2751.0,16.14,0.005833,0.04756554307116101,2749.0,-0.04701873935264056,0.05453303393798238,2844.3333333333335,-0.020658263305322166,0.0510997033763923,2762.4166666666665,0.12464817048652987,0.03836187952815852,2773.0,-0.008580622095101909,0
2022-09,2022-09-01,2022-09-30,21,2785,2865,2742,2773,2771,6412701,785092,-0.00858062098134249,3051.0,3180.0,2858.0,2911.0,2897.0,2615469.0,212207.0,-0.04993472662115228,138.0,2795.71,22.71,0.008123,2773.0,670.0,698.5,654.0,678.0,-0.0022919381166532915,828.25,945.75,791.25,922.0,0.12462564955922106,1.359882005899705,,10.69,31.71,24.12,22.173333333333332,14.974761904761905,15.44095238095238,16.35047619047619,15.58873015873016,0.0,1,2754.0,41.71,0.014919,-0.008580622095101909,2746.6666666666665,-0.0025179856115108423,0.0441681358760424,2833.1666666666665,-0.023591549295774672,0.051151485906924476,2783.5,0.10039682539682548,0.03873569966280194,2885.0,0.040389469888207685,1
2022-10,2022-10-10,2022-10-31,16,2777,2895,2764,2885,2873,5062314,704187,0.040389469997666794,2919.0,3070.0,2839.0,2954.0,2959.0,2360097.0,292585.0,0.014771556371736327,69.0,2801.43,-83.57,-0.029831,2885.0,683.75,706.5,674.0,689.5,0.009516837115680632,895.25,949.75,822.5,878.25,-0.005379387806770275,1.2737490935460478,,16.66,25.36,16.91,19.64333333333333,5.06125,5.713125,5.864375,5.546250000000001,0.0,1,2852.0,-50.57,-0.018051,0.040389469888207685,2818.3333333333335,0.08052434456928848,0.030555844498388485,2806.6666666666665,-0.052233902759526885,0.042911928006742164,2805.0,0.0982108869432814,0.03857584892216004,2908.0,0.007972270363951539,1
2022-11,2022-11-01,2022-11-30,22,2885,2944,2800,2908,2897,7427416,392486,0.007972270404689175,2954.0,3164.0,2903.0,3120.0,3115.0,3293887.0,147492.0,0.05619499030297237,212.0,2870.0,-15.0,-0.005226,2885.0,689.0,698.5,651.25,665.75,-0.034445250720051,878.5,904.0,773.25,794.5,-0.09536009069208096,1.193390912504694,,5.65,11.25,7.140000000000001,8.013333333333334,-3.955909090909091,-2.365909090909091,-2.055,-2.7922727273636365,0.0,1,2908.0,-38.0,-0.01324,0.007972270363951539,2855.3333333333335,0.039685377189846216,0.024909646667540385,2802.1666666666665,-0.009199318568994919,0.04094239513475812,2826.9166666666665,0.09943289224952734,0.03857281107088935,2824.0,-0.028885832187070193,0
2022-12,2022-12-01,2022-12-30,22,2911,2918,2726,2824,2821,6427861,709736,-0.02888583187844096,3135.0,3135.0,2798.0,2939.0,2941.0,2690833.0,154857.0,-0.05801282115560813,115.0,2830.0,6.0,0.00212,2824.0,666.75,685.0,635.0,678.5,0.01915133243726519,795.25,799.0,723.5,791.0,-0.004405284428486089,1.165806927044952,,7.5200000000000005,8.94,1.77,6.076666666666664,-16.203636363636363,-14.587272727272728,-13.498636363636363,-14.76318181881818,0.0,0,2794.0,36.0,0.012721,-0.028885832187070193,2872.3333333333335,0.01839163360980889,0.034661366645200434,2809.5,0.015827338129496438,0.035697428287659004,2839.5833333333335,0.05688622754491024,0.04004820993247511,2842.0,0.006373937677053743,1
2023-01,2023-01-03,2023-01-31,16,2829,2910,2817,2842,2859,5521170,558787,0.006373938132355983,2990.0,3073.0,2900.0,2903.0,2922.0,1991649.0,150353.0,-0.012249064996495251,61.0,2834.29,-7.71,-0.00272,2842.0,677.25,688.75,648.25,679.25,-0.00805218964862675,786.0,794.5,720.5,761.25,-0.0456439196368017,1.1207213838792789,,0.8,3.23,1.61,1.88,-15.745,-11.989375,-10.685625,-12.806666666875,0.0,0,2842.0,-7.71,-0.00272,0.006373937677053743,2858.0,-0.014904679376083196,0.020833969704589977,2838.1666666666665,0.0644194756554306,0.02900138464240311,2846.1666666666665,0.028592110025334794,0.0390287015079566,2837.0,-0.0017593244194229474,0
2023-02,2023-02-01,2023-02-28,20,2842,2882,2758,2837,2841,5362414,670720,-0.0017593247864255979,2900.0,3079.0,2856.0,3014.0,3018.0,2504107.0,236862.0,0.038236306305121204,177.0,2808.57,-28.43,-0.010123,2837.0,679.25,688.25,630.0,630.0,-0.07250644193525668,760.75,798.0,702.5,706.25,-0.07224959151738031,1.121031746031746,,2.68,3.41,2.71,2.933333333333333,-12.375,-9.314,-7.4855,-9.724833333683332,0.0,0,2819.0,-10.43,-0.003714,-0.0017593244194229474,2834.3333333333335,-0.024415405777166388,0.01846279478152937,2844.8333333333335,0.014301036825169922,0.022832057393937056,2844.5833333333335,-0.006652661064425747,0.03782366799506972,2724.0,-0.03983080719069443,0
2023-03,2023-03-01,2023-03-31,23,2837,2860,2693,2724,2724,7727262,777927,-0.0398308071050405,3016.0,3120.0,2913.0,2948.0,2939.0,3162826.0,153761.0,-0.021897811436086934,224.0,2760.0,36.0,0.013043,2724.0,631.0,664.5,606.75,658.5,0.04523809445158422,708.0,724.0,654.0,691.5,-0.02088495611603125,1.0501138952164009,,9.67,3.5,0.19,4.453333333333332,0.053913043478260876,1.777391304347826,2.5934782608695652,1.47492753615942,0.0,0,2746.0,14.0,0.005072,-0.03983080719069443,2801.0,-0.03541076487252126,0.024665989408586213,2836.6666666666665,-0.017670393076090862,0.028699060655699934,2834.9166666666665,-0.04084507042253516,0.039543732637766664,2644.0,-0.029368575624082238,0
2023-04,2023-04-03,2023-04-28,19,2718,2776,2632,2644,2643,8871111,885098,-0.029368574070968045,2962.0,3066.0,2922.0,2973.0,2964.0,3336358.0,228330.0,0.008480325541979195,329.0,2730.0,86.0,0.031502,2644.0,659.5,668.5,572.0,584.0,-0.11075370100608495,697.0,717.25,624.25,633.0,-0.06911764618476435,1.0839041095890412,,18.85,28.95,13.48,20.42666666666667,6.222105263157895,6.782105263157895,8.34578947368421,7.116666666666667,0.0,0,2616.0,114.0,0.041758,-0.029368575624082238,2735.0,-0.06966924700914845,0.01966878593880262,2796.5,-0.08353552859618718,0.02084394248057404,2801.5833333333335,-0.13140604467805517,0.032321775122063585,2633.0,-0.004160363086233021,0
2023-05,2023-05-04,2023-05-31,20,2641,2656,2495,2633,2631,8373688,686372,-0.004160364160726182,2984.0,2996.0,2828.0,2942.0,2936.0,4102912.0,140826.0,-0.010427177725455095,309.0,2694.29,61.29,0.022748,2633.0,588.5,606.75,547.0,592.75,0.008507019215749478,642.0,669.0,573.25,593.5,-0.07410296399352034,1.001265288907634,,32.36,18.42,18.19,22.990000000000002,15.5995,15.4595,17.8185,16.2925,0.0,0,2633.0,61.29,0.022748,-0.004160363086233021,2667.0,-0.07190694395488195,0.018336179406282727,2750.6666666666665,-0.09456671251719395,0.018739233955002547,2776.4166666666665,-0.1028960817717206,0.031408932344382114,2728.0,0.03608051652107869,1
2023-06,2023-06-01,2023-06-30,20,2625,2740,2572,2728,2726,7568785,888641,0.036080516196364876,2941.0,3150.0,2898.0,3136.0,3131.0,3331951.0,235972.0,0.06594153609702103,408.0,2760.0,32.0,0.011594,2728.0,594.0,629.75,493.0,494.5,-0.10114063617270297,594.25,770.25,593.0,646.0,0.09615187620315502,1.3063700707785642,,54.57,38.92,31.81,41.766666666666666,22.032,20.7595,23.026,21.939166666666665,0.0,0,2807.0,-47.0,-0.017029,0.03608051652107869,2668.3333333333335,0.001468428781204123,0.033011023496072024,2734.6666666666665,-0.03399433427762044,0.026959271164509295,2772.0833333333335,-0.018705035971222972,0.03049151096819723,2715.0,-0.004765395894428148,0
2023-07,2023-07-03,2023-07-31,21,2735,2797,2679,2715,2712,8650333,567568,-0.004765395974270725,3135.0,3202.0,3002.0,3051.0,3037.0,3351901.0,131792.0,-0.027104592222359947,336.0,2771.43,56.43,0.020361,2715.0,492.25,572.25,481.0,512.0,0.03538928338995473,649.0,777.25,622.0,666.25,0.03134674837220697,1.301269531,,141.96,171.31,119.98,144.41666666666666,23.357619047619046,23.696190476190477,25.004285714285714,24.019365079365077,0.0,0,2715.0,56.43,0.020361,-0.004765395894428148,2692.0,0.026853252647503822,0.02340969534660236,2713.5,-0.044686840253342686,0.026359534447334305,2775.8333333333335,0.016853932584269593,0.02806333377664685,2733.0,0.006629834254143541,1
2023-08,2023-08-01,2023-08-31,23,2716,2819,2610,2733,2731,11956848,697733,0.00662983366504899,3046.0,3177.0,2900.0,3073.0,3068.0,4143588.0,225498.0,0.0072107517726967,340.0,2830.0,97.0,0.034276,2733.0,513.25,523.25,473.5,479.25,-0.06396484293859783,670.0,684.0,593.5,601.0,-0.09793620921513935,1.2540427751695358,,153.39000000000001,122.82,66.01,114.07333333333332,21.870434782608694,22.547391304347826,23.26869565217391,22.562173913043477,0.0,0,2820.0,10.0,0.003534,0.006629834254143541,2725.3333333333335,0.03797949107481968,0.02107756515501001,2696.1666666666665,-0.036658442016214265,0.02692860137049069,2770.5,-0.02288165892027172,0.024211891185926523,2628.0,-0.03841931942919863,0
2023-09,2023-09-01,2023-09-28,20,2739,2739,2588,2628,2616,7209797,273955,-0.03841932103275025,3075.0,3076.0,2890.0,2929.0,2923.0,3344205.0,152346.0,-0.04685974712399121,301.0,2788.57,209.57,0.075153,2579.0,478.0,490.25,467.75,488.5,0.019300992250912863,602.0,615.5,570.0,578.5,-0.03743760351502301,1.1842374616171956,,32.94,30.3,17.08,26.773333333333333,16.411,17.509,19.4995,17.8065,0.0,1,2628.0,160.57,0.057581,-0.03841931942919863,2692.0,-0.03665689149560114,0.023423151250449116,2680.1666666666665,-0.03524229074889873,0.026576791483841695,2758.4166666666665,-0.05228993869455467,0.02641900909554193,2539.0,-0.03386605783866059,0
2023-10,2023-10-09,2023-10-31,17,2600,2602,2482,2539,2534,6280474,797818,-0.03386605862968228,2907.0,2978.0,2823.0,2876.0,2872.0,2837776.0,191980.0,-0.01809491405585939,337.0,2632.86,93.86,0.035649,2539.0,492.0,509.5,476.75,479.0,-0.027411169750718223,573.25,604.5,547.25,557.5,-0.02021089736401316,1.163883089770355,,2.65,5.6,4.76,4.336666666666666,6.785882352941177,8.635882352941177,10.035294117647059,8.485686274509803,0.0,1,2519.0,113.86,0.043246,-0.03386605783866059,2633.3333333333335,-0.06482504604051564,0.024799447961225896,2662.6666666666665,-0.03971255673222396,0.02742873757805607,2729.5833333333335,-0.11993067590987871,0.023583684704016655,2501.0,-0.014966522252855441,0
2023-11,2023-11-01,2023-11-30,22,2539,2580,2487,2501,2498,7283530,650011,-0.014966521101504204,2876.0,3012.0,2871.0,2909.0,2899.0,3677839.0,192093.0,0.011474269327311548,408.0,2617.14,116.14,0.044377,2501.0,478.75,493.25,461.0,482.25,0.006784969933760543,557.5,599.0,554.75,598.75,0.07399103128737439,1.241575946086055,,47.38,68.45,38.44,51.42333333333333,-9.687272727272727,-7.325,-5.986818181818182,-7.6663636355,0.0,1,2501.0,116.14,0.044377,-0.014966522252855441,2556.0,-0.08488840102451523,0.012436226195177395,2640.6666666666665,-0.05013292821876192,0.02760515293088608,2695.6666666666665,-0.13995873452544705,0.022884329093000387,2413.0,-0.035185925629748094,0
2023-12,2023-12-01,2023-12-29,21,2501,2504,2364,2413,2423,7317261,724240,-0.035185925054753264,2909.0,2913.0,2755.0,2857.0,2851.0,2742459.0,178584.0,-0.017875558287167137,444.0,2488.57,75.57,0.030367,2413.0,482.0,493.75,468.25,470.75,-0.023846554283379784,595.5,649.5,589.0,628.25,0.049269312337556714,1.3345724907063197,,3.49,2.66,3.08,3.076666666666666,-19.612857142857145,-13.953333333333333,-12.614285714285714,-15.393492063666667,0.0,0,2392.0,96.57,0.038805,-0.035185925629748094,2484.3333333333335,-0.08181126331811261,0.01131193152724581,2588.1666666666665,-0.1154692082111437,0.01859394290051402,2661.4166666666665,-0.14553824362606227,0.023367967718553054,2390.0,-0.009531703273932823,0
2024-01,2024-01-02,2024-01-31,22,2420,2449,2317,2390,2383,10531441,924880,-0.009531702917709661,2857.0,2898.0,2772.0,2872.0,2870.0,3087052.0,129798.0,0.005250262762605651,482.0,2342.86,-47.14,-0.020121,2390.0,470.5,470.75,436.5,448.0,-0.04832713634181962,628.75,628.75,573.25,595.75,-0.051730998551016816,1.3297991071428572,,2.53,4.08,1.37,2.6599999999999993,-19.796818181818182,-14.526363636363635,-13.297727272727274,-15.873636364227274,0.0,0,2345.0,-2.14,-0.000913,-0.009531703273932823,2434.6666666666665,-0.0586845214651438,0.013518509871855875,2534.0,-0.11970534069981587,0.0178967504133722,2623.75,-0.15904292751583393,0.022622595557093412,2462.0,0.030125523012552335,1
2024-02,2024-02-01,2024-02-29,15,2389,2479,2377,2462,2456,6898643,960092,0.030125524505521417,2862.0,2943.0,2814.0,2933.0,2926.0,1568252.0,188083.0,0.021239554710995368,471.0,2358.57,-103.43,-0.043853,2462.0,448.0,448.75,408.75,429.75,-0.001559482834104231,595.25,611.25,553.5,576.0,0.02130667315093282,1.3403141361256543,,2.05,3.1599999999999997,1.37,2.1933333333333334,-17.35533333333333,-12.900666666666666,-12.191333333333334,-14.149111110400002,0.0,0,2407.0,-48.43,-0.020534,0.030125523012552335,2421.6666666666665,-0.015593762495001995,0.03290496427890217,2488.8333333333335,-0.09915843395536039,0.02590251105226115,2592.5,-0.1321818822700035,0.02584602125755748,2415.0,-0.019090170593013767,0
2024-03,2024-03-01,2024-03-29,21,2462,2473,2381,2415,2415,9723713,776883,-0.019090171412437518,2932.0,2941.0,2830.0,2855.0,2858.0,2407097.0,155556.0,-0.026593930046293734,440.0,2327.14,-87.86,-0.037754,2415.0,429.25,448.0,422.0,442.25,0.02908667884556415,575.0,576.75,523.5,561.5,-0.025173610668754454,1.2696438665912946,,6.9799999999999995,6.85,10.06,7.963333333333333,-2.6695238095238096,-0.9785714285714286,-0.13047619047619044,-1.2595238094920636,0.0,0,2415.0,-87.86,-0.037754,-0.019090170593013767,2422.3333333333335,0.0008288437629506706,0.026096757114324902,2453.3333333333335,-0.08105022831050224,0.023820191221039642,2566.75,-0.11343612334801767,0.024429399223590068,2388.0,-0.011180124223602483,0
2024-04,2024-04-01,2024-04-30,20,2410,2443,2370,2388,2386,6968690,760220,-0.011180124310053663,2855.0,2866.0,2771.0,2777.0,2780.0,2019368.0,183248.0,-0.027320489935883874,389.0,2298.57,-89.43,-0.038907,2388.0,441.75,454.25,424.5,447.0,0.007826055461000125,562.0,633.25,540.25,604.25,0.05246321539220755,1.3517897091722595,,13.97,16.73,25.9,18.866666666666667,8.475,9.575,10.4575,9.502500000000001,0.0,0,2372.0,-73.43,-0.031946,-0.011180124223602483,2421.6666666666665,-0.0008368200836820217,0.026428866239527057,2428.1666666666665,-0.05947223316266248,0.021694668048489796,2545.4166666666665,-0.09682299546142203,0.02365063671708068,2434.0,0.019262981574539317,1
2024-05,2024-05-06,2024-05-31,20,2395,2483,2388,2434,2434,8073186,420147,0.019262981518131328,2778.0,2893.0,2774.0,2831.0,2834.0,2096214.0,112508.0,0.019445445316368604,397.0,2328.57,-128.43,-0.055154,2457.0,459.0,475.5,445.5,445.75,-0.030978260235170363,623.0,720.0,609.5,679.75,0.09109149331959698,1.5249579360628154,,44.989999999999995,84.31,45.25,58.18333333333333,14.264,14.486500000000001,16.936,15.228833333333332,0.0,0,2434.0,-105.43,-0.045277,0.019262981574539317,2412.3333333333335,-0.011372867587327362,0.020249756399319106,2417.0,-0.026789284286285464,0.02444471479309163,2528.8333333333335,-0.07557918723889101,0.024944993993579613,2509.0,0.030813475760065767,1
2024-06,2024-06-03,2024-06-28,19,2436,2520,2424,2509,2510,7364162,778093,0.0308134756647942,2832.0,2963.0,2813.0,2955.0,2956.0,1730976.0,181283.0,0.04380077765702195,446.0,2388.57,-120.43,-0.050419,2509.0,446.0,460.5,412.0,421.25,-0.059678249139609285,679.75,697.75,556.75,575.0,-0.12656634937829103,1.3649851632047478,,109.07,82.86,25.47,72.46666666666667,20.050526315789472,20.947894736842105,24.03,21.67614035087719,0.0,0,2470.0,-81.43,-0.034092,0.030813475760065767,2443.6666666666665,0.03892339544513468,0.021693543763660388,2433.0,0.03978450062163286,0.022522595831042668,2510.5833333333335,-0.08027859237536661,0.024166804755481223,2351.0,-0.06297329613391789,0
2024-07,2024-07-01,2024-07-31,23,2506,2510,2320,2351,2342,9742453,626333,-0.06297329617957181,2953.0,2958.0,2763.0,2803.0,2797.0,2296583.0,171924.0,-0.05143823961986138,452.0,2364.29,13.29,0.005621,2351.0,420.75,426.5,397.75,399.75,-0.05103857473016826,575.0,592.25,514.25,526.75,-0.08391304413016298,1.3176985616010006,,111.86,216.65,201.39,176.63333333333333,23.098260869565216,23.221304347826088,24.347391304347827,23.555652173913042,0.0,0,2351.0,13.29,0.005621,-0.06297329613391789,2431.3333333333335,-0.015494137353433857,0.051140619650734444,2426.5,-0.016317991631799145,0.03648232019315022,2480.25,-0.13406998158379368,0.0290879102886558,2338.0,-0.005529561888558021,0
2024-08,2024-08-01,2024-08-30,22,2347,2357,2250,2338,2336,9097973,627430,-0.005529560769681585,2797.0,2804.0,2668.0,2733.0,2734.0,2113919.0,140106.0,-0.024973244358110547,395.0,2325.71,-12.29,-0.005284,2338.0,399.75,409.0,385.0,401.25,0.003752343657852819,526.75,560.0,519.75,552.0,0.04793545415198852,1.375700934579439,,63.75,147.01,65.91,92.22333333333333,23.043181818181818,23.527727272727272,23.68409090909091,23.418333333333337,0.0,0,2335.0,-9.29,-0.003994,-0.005529561888558021,2399.3333333333335,-0.039441248972884146,0.047287344275670905,2405.8333333333335,-0.050365556458164096,0.03289664601026316,2447.3333333333335,-0.14452982070984266,0.028605519758009203,2225.0,-0.048331907613344716,0
2024-09,2024-09-02,2024-09-30,19,2341,2347,2105,2225,2205,10525072,361578,-0.04833190706731405,2736.0,2744.0,2499.0,2609.0,2576.0,2354218.0,95432.0,-0.04537138747293257,384.0,2152.86,-94.14,-0.043728,2247.0,401.25,427.75,397.0,424.25,0.060528763595120605,551.75,598.75,544.25,583.25,0.09051921973977661,1.374779021803182,,25.93,61.370000000000005,47.480000000000004,44.92666666666666,15.271052631578947,15.77736842105263,16.65684210526316,15.901754385964912,0.0,1,2225.0,-72.14,-0.033509,-0.048331907613344716,2304.6666666666665,-0.11319250697489036,0.029850163766736937,2374.1666666666665,-0.07867494824016563,0.03678400038604426,2413.75,-0.15334855403348557,0.029548213722036705,2248.0,0.010337078651685427,1
2024-10,2024-10-08,2024-10-31,18,2220,2254,2161,2248,2245,9226382,891715,0.010337078105638442,2621.0,2683.0,2555.0,2670.0,2671.0,1715847.0,134026.0,0.02338060642411177,422.0,2151.43,-96.57,-0.044886,2248.0,426.0,428.0,399.0,411.0,-0.03577712739465966,593.5,611.25,557.75,572.0,-0.03622577878232369,1.391727493917275,,22.13,32.35,14.32,22.933333333333334,6.082777777777777,7.137777777777777,7.615555555555555,6.94537037037037,0.0,1,2206.0,-54.57,-0.025365,0.010337078651685427,2270.3333333333335,-0.04381114419396004,0.03034754529047277,2350.8333333333335,-0.058626465661641536,0.03802371398029192,2389.5,-0.11461205198897206,0.029516212695513275,2163.0,-0.037811387900355875,0
2024-11,2024-11-01,2024-11-29,21,2250,2250,2158,2163,2167,10445350,849391,-0.03781138719746502,2677.0,2677.0,2545.0,2547.0,2555.0,1826992.0,148427.0,-0.04606741543442039,384.0,2112.86,-50.14,-0.023731,2163.0,411.0,442.25,410.5,433.0,0.05352798029865102,572.0,579.5,543.0,549.0,-0.04020979183204876,1.2678983833718245,,22.07,22.810000000000002,18.11,20.996666666666666,-3.3338095238095233,-1.5476190476190477,-0.92,-1.933809524,0.0,1,2163.0,-50.14,-0.023731,-0.037811387900355875,2212.0,-0.07485029940119758,0.03128100093163778,2305.6666666666665,-0.11133935907970416,0.03652762445741808,2361.3333333333335,-0.1351459416233507,0.030604320383026424,2229.0,0.030513176144244092,1
2024-12,2024-12-02,2024-12-31,22,2160,2247,2035,2229,2230,12460735,1107047,0.030513176863925295,2549.0,2560.0,2415.0,2479.0,2482.0,1874906.0,181740.0,-0.02669807628596077,250.0,2037.14,-191.86,-0.094181,2229.0,433.0,459.0,428.25,458.5,0.058891453370708335,549.75,569.25,529.25,551.0,0.003642987075146875,1.2017448200654308,,1.44,0.47,0.03,0.6466666666666661,-16.39272727272727,-12.572272727272729,-10.61909090909091,-13.194696969681816,0.0,0,2094.0,-56.86,-0.027912,0.030513176144244092,2213.3333333333335,0.0017977528089887507,0.03510364604336452,2259.0,-0.1115982463132722,0.036445972198830494,2346.0,-0.07625362619146292,0.03185085300051582,2283.0,0.024226110363391617,1
2025-01,2025-01-02,2025-01-27,18,2231,2298,2209,2283,2277,9394314,1311735,0.024226110293884773,2479.0,2549.0,2435.0,2529.0,2517.0,1714143.0,108751.0,0.02016942145778522,246.0,2062.86,-204.14,-0.09896,2267.0,457.25,494.5,449.25,482.25,0.05179934540583764,551.0,566.75,526.0,535.75,-0.0276769508263629,1.110938310005184,,3.17,5.6899999999999995,4.58,4.4799999999999995,-17.43722222222222,-13.34611111111111,-11.227777777777778,-14.003703703500001,0.0,0,2180.0,-117.14,-0.056785,0.024226110363391617,2225.0,0.01556939501779353,0.03776335180842642,2247.6666666666665,-0.028923862186303717,0.03256737131968352,2337.0833333333335,-0.04476987447698744,0.03299211757297206,2292.0,0.003942181340341744,1
2025-02,2025-02-05,2025-02-28,18,2295,2325,2260,2292,2294,10487900,1425075,0.0039421796138301435,2528.0,2678.0,2505.0,2664.0,2667.0,1584273.0,155954.0,0.05338078423789372,372.0,2127.14,-164.86,-0.077503,2292.0,494.0,518.75,469.0,469.25,-0.05010121389244804,577.5,621.75,555.0,555.5,-0.03809523797788683,1.1838039424613744,,2.19,1.5599999999999998,0.07,1.2733333333333328,-13.222222222222221,-10.598333333333334,-8.45,-10.756851851666667,0.0,0,2151.0,-23.86,-0.011217,0.003942181340341744,2268.0,0.05963938973647709,0.013886340636358628,2240.0,-0.019674935842600494,0.03273271301786826,2322.9166666666665,-0.06904955320877337,0.031408112373609916,2251.0,-0.017888307155322858,0
2025-03,2025-03-03,2025-03-31,21,2292,2336,2244,2251,2250,11760846,1111955,-0.017888307425138028,2665.0,2716.0,2620.0,2629.0,2628.0,2033753.0,134634.0,-0.013138137674627903,378.0,2194.29,-56.71,-0.025844,2251.0,469.25,477.5,442.0,457.75,-0.02450719228119147,555.5,575.25,517.5,537.25,-0.03285328543136856,1.1736755871108684,,14.3,8.11,5.069999999999999,9.159999999999998,-1.821904761904762,-0.35857142857142854,1.0633333333333332,-0.3723809524126984,0.0,0,2251.0,-56.71,-0.025844,-0.017888307155322858,2275.3333333333335,0.009869896814715062,0.021061941060880756,2244.3333333333335,0.01168539325842688,0.025924820607762643,2309.25,-0.0679089026915114,0.03136266748497776,2377.0,0.05597512216792544,1
2025-04,2025-04-01,2025-04-30,21,2251,2379,2245,2377,2365,10922338,1490492,0.055975122791098064,2629.0,2750.0,2618.0,2748.0,2730.0,2410167.0,230745.0,0.045264358859005815,371.0,2252.86,-124.14,-0.055103,2377.0,457.75,497.5,447.5,475.0,0.03261420676407267,537.25,571.0,523.25,531.75,0.0033082777923643114,1.1194736842105264,,42.45,31.68,24.23,32.78666666666666,7.324761904761904,8.27,9.381428571428572,8.325396825396824,0.0,0,2336.0,-83.14,-0.036904,0.05597512216792544,2306.6666666666665,0.04117389399912397,0.03794690007215495,2265.8333333333335,0.05738434163701078,0.03416748975598224,2308.3333333333335,-0.004606365159128933,0.035898143205894045,2336.0,-0.01724863273033239,0
2025-05,2025-05-06,2025-05-30,19,2382,2389,2307,2336,2339,9972579,1116770,-0.017248633035032657,2770.0,2770.0,2641.0,2678.0,2681.0,2152866.0,216581.0,-0.025473071334081387,342.0,2294.29,-41.71,-0.01818,2336.0,454.25,464.75,436.5,443.5,-0.02366538190763623,531.0,556.25,506.25,533.25,0.0042372867198141595,1.202367531003382,,32.589999999999996,30.98,24.419999999999998,29.330000000000002,15.005263157894738,15.143684210526317,17.04578947368421,15.731578947368419,0.0,0,2336.0,-41.71,-0.01818,-0.01724863273033239,2321.3333333333335,0.01919720767888311,0.0424616172877746,2294.6666666666665,0.07998150716597308,0.02908719480570831,2300.1666666666665,-0.04026294165981925,0.03568324679637436,2378.0,0.017979452054794454,1
2025-06,2025-06-03,2025-06-30,20,2340,2420,2317,2378,2376,8818073,970530,0.017979452931281337,2678.0,2787.0,2646.0,2733.0,2731.0,2044136.0,156886.0,0.020537714506120075,355.0,2357.14,-20.86,-0.00885,2378.0,438.25,447.0,419.25,425.5,-0.028538811651537266,537.75,594.0,526.0,537.5,-0.00046490162455048445,1.263219741480611,,89.45,94.9,116.19999999999999,100.18333333333334,20.679,20.1965,22.087,20.9875,0.0,0,2352.0,5.14,0.002181,0.017979452054794454,2363.6666666666665,0.05641936916925805,0.03662059344679828,2319.5,0.06684611933602502,0.0280306071916256,2289.25,-0.05221203666799523,0.03476364980599974,2288.0,-0.037846930193439876,0
2025-07,2025-07-01,2025-07-31,23,2379,2389,2274,2288,2304,11844667,769791,-0.037846930664383494,2732.0,2754.0,2616.0,2660.0,2676.0,2643983.0,162157.0,-0.02671057373629815,372.0,2332.86,44.86,0.01923,2288.0,424.0,454.75,407.5,450.25,0.05816686120853798,537.5,596.25,532.0,580.75,0.08046511658913746,1.2898389783453637,,62.97,117.9,160.22,113.69666666666666,25.373478260869568,24.704782608695655,25.80304347826087,25.29376811594203,0.0,0,2288.0,44.86,0.01923,-0.037846930193439876,2334.0,-0.03744215397559947,0.028230871904508893,2320.3333333333335,0.002190100744634327,0.03322014461139925,2284.0,-0.0267971076137814,0.031484188172617736,2191.0,-0.042395104895104896,0
2025-08,2025-08-01,2025-08-29,21,2287,2310,2147,2191,2187,8885709,983279,-0.042395103956927915,2654.0,2677.0,2454.0,2501.0,2492.0,2150091.0,208887.0,-0.05977443626834045,310.0,2301.43,110.43,0.047983,2191.0,450.0,460.25,440.75,459.25,0.019988894743477648,580.75,583.25,558.0,570.5,-0.017649590777479185,1.2422427871529669,,112.49,93.12,86.52,97.37666666666667,21.817142857142855,22.025238095238095,22.684761904761906,22.175714285714285,0.0,0,2238.0,63.43,0.027561,-0.042395104895104896,2285.6666666666665,-0.06207191780821919,0.03362131758011946,2303.5,-0.04406631762652702,0.03746390283028387,2271.75,-0.06287425149700598,0.03360746490869673,2143.0,-0.021907804655408536,0
2025-09,2025-09-01,2025-09-30,22,2192,2234,2135,2143,2147,10430487,596123,-0.021907804432683364,2501.0,2532.0,2419.0,2468.0,2470.0,2871045.0,150741.0,-0.01319472290812762,325.0,2285.71,142.71,0.062436,2143.0,459.25,470.0,455.25,459.0,-0.0005443654096640715,570.5,574.25,549.25,551.0,-0.03418054382211633,1.2004357298474946,,20.81,26.05,28.769999999999996,25.209999999999997,17.507272727272728,17.50681818181818,18.36,17.791363636363638,0.0,1,2143.0,142.71,0.062436,-0.021907804655408536,2207.3333333333335,-0.09882253994953738,0.010758493444293788,2285.5,-0.04797867614393603,0.037734562308864496,2264.9166666666665,-0.03685393258426961,0.03128711998073755,2130.0,-0.006066262249183385,0
2025-10,2025-10-09,2025-10-31,17,2120,2152,2089,2130,2118,8114054,931151,-0.006066262339410877,2450.0,2472.0,2383.0,2440.0,2426.0,1942939.0,211483.0,-0.0113452195407312,310.0,2147.14,17.14,0.007983,2130.0,458.5,469.25,451.0,463.0,0.009814613546185402,550.25,573.5,533.5,565.5,0.027247955988203065,1.221382289416847,,17.439999999999998,11.399999999999999,3.9299999999999997,10.923333333333332,1.2088235294117649,2.402941176470588,3.330588235294118,2.3141176469999998,0.0,1,2105.0,42.14,0.019626,-0.006066262249183385,2154.6666666666665,-0.06905594405594406,0.018213862600191096,2244.3333333333335,-0.10391249474127051,0.02209863426620993,2255.0833333333335,-0.052491103202847,0.031024064224558893,2244.0,0.05352112676056331,1
2025-11,2025-11-03,2025-11-28,20,2130,2257,2126,2244,2241,11615329,959620,0.053521125674739656,2439.0,2579.0,2435.0,2566.0,2565.0,2354264.0,238140.0,0.05163934292156802,322.0,2218.57,-25.43,-0.011462,2244.0,463.0,473.5,458.25,468.0,0.010799135943636795,565.5,585.0,549.5,555.0,-0.018567638217578897,1.185897435897436,,3.5,1.6300000000000001,2.39,2.5066666666666664,-3.8655,-2.08,-0.9119999999999999,-2.2858333333166665,0.0,1,2244.0,-25.43,-0.011462,0.05352112676056331,2172.3333333333335,0.024189867640346918,0.03977255144225833,2229.0,-0.03938356164383561,0.0366321896301711,2261.8333333333335,0.03744798890429957,0.03311933755375116,2226.0,-0.008021390374331583,0
2025-12,2025-12-01,2025-12-31,23,2244,2310,2183,2226,2229,12499331,1009261,-0.008021390377026316,2566.0,2603.0,2478.0,2515.0,2520.0,2388188.0,195489.0,-0.019875291958911467,289.0,2250.0,24.0,0.010667,2226.0,468.0,470.5,457.75,460.25,-0.016559828845735258,555.0,558.75,526.0,530.5,-0.04414414335572636,1.1526344378055404,,9.729999999999999,10.24,3.64,7.869999999999999,-15.893478260869566,-12.835217391304347,-11.139999999999999,-13.289565218173914,0.0,0,2285.0,-35.0,-0.015556,-0.008021390374331583,2200.0,0.038730751283247766,0.03498085397824424,2203.6666666666665,-0.063919259882254,0.034698078085288867,2261.5833333333335,-0.0013458950201884479,0.03212227800038691,2271.0,0.020215633423180668,1
2026-01,2026-01-05,2026-01-30,20,2220,2314,2205,2271,2277,10430574,874699,0.020215633959790758,2506.0,2584.0,2488.0,2521.0,2529.0,1940715.0,157581.0,0.0023856875788499377,250.0,2271.43,0.43,0.000189,2271.0,457.5,466.25,445.25,456.5,-0.0021857914893573804,530.75,562.5,530.5,556.25,0.04804521875678969,1.2185104052573932,,4.32,5.12,4.2,4.546666666666666,-19.476499999999998,-17.8,-16.012,-17.762833333,0.0,0,2271.0,0.43,0.000189,0.020215633423180668,2247.0,0.06619718309859146,0.030806024342344036,2200.8333333333335,-0.007430069930069894,0.033609558949877216,2260.5833333333335,-0.005256241787122251,0.031871231109053315,2360.0,0.039189784236019376,1
2026-02,2026-02-02,2026-02-27,14,2267,2360,2258,2360,2347,6666433,1475478,0.03918978346007185,2521.0,2683.0,2503.0,2667.0,2659.0,1318336.0,231512.0,0.057913525687408596,307.0,2285.71,-74.29,-0.032502,2360.0,456.5,470.0,453.25,468.75,0.025728704485530107,556.25,603.25,542.75,598.75,0.030609889544502167,1.2773333333333334,,2.3199999999999994,1.38,0.07,1.2566666666666662,-12.917142857142858,-9.671428571428573,-8.222857142857142,-10.270476189928571,0.0,0,2351.0,-65.29,-0.028564,0.039189784236019376,2285.6666666666665,0.051693404634581164,0.02375655320151573,2229.0,0.0771337288909173,0.029677322939041215,2266.25,0.029668411867364686,0.03382948241711821,2351.0,-0.003813559322033866,0
2026-03,2026-03-02,2026-03-31,22,2358,2443,2344,2351,2349,16130049,1023011,-0.0038135596779919068,2671.0,2827.0,2669.0,2745.0,2741.0,3127175.0,235927.0,0.029246344989583006,394.0,2330.0,-21.0,-0.009013,2351.0,468.75,495.0,467.0,490.75,0.046933334007800864,598.75,670.75,574.0,662.0,0.105636742034521,1.348955680081508,,4.390000000000001,3.0,5.34,4.243333333333333,-2.1922727272727274,-0.49636363636363645,-0.18499999999999997,-0.9578787881060605,0.0,0,2351.0,-21.0,-0.009013,-0.003813559322033866,2327.3333333333335,0.05615453728661279,0.021551133227075685,2263.6666666666665,0.09706019598693416,0.02615239392546409,2274.5833333333335,0.04442470013327404,0.03328052242509828,2427.0,0.03232666950233942,1
2026-04,2026-04-01,2026-04-30,21,2350,2445,2337,2427,2423,11676665,1396114,0.0323266699014626,2751.0,2842.0,2727.0,2779.0,2774.0,2968691.0,284024.0,0.012386157721029356,352.0,2331.43,-95.57,-0.040992,2427.0,490.75,503.0,481.75,499.75,0.013679869518063104,662.0,712.25,639.25,697.25,0.053247734803763214,1.3951975987993996,,22.62,51.300000000000004,30.439999999999998,34.78666666666667,6.63,7.647142857142858,8.576666666666666,7.617936507936507,0.0,0,2405.0,-73.57,-0.031556,0.03232666950233942,2379.3333333333335,0.06869220607661819,0.023103051892544742,2313.1666666666665,0.1394366197183099,0.02435644744513696,2278.75,0.021034917963819844,0.030516971063441416,2322.0,-0.04326328800988877,0
2026-05,2026-05-06,2026-05-29,18,2426,2439,2304,2322,2322,12228364,1112136,-0.04326328826154224,2775.0,2780.0,2641.0,2687.0,2682.0,3349723.0,314095.0,-0.033105433559288744,365.0,2317.14,-4.86,-0.002097,2322.0,505.75,513.75,490.0,491.0,-0.030602171632972852,699.5,731.25,679.75,684.5,-0.021443889696019403,1.394093686354379,,17.82,32.29,13.86,21.32333333333333,17.466666666666665,16.955555555555556,18.591666666666665,17.671296296296294,0.0,0,2322.0,-4.86,-0.002097,-0.04326328800988877,2366.6666666666665,-0.01610169491525426,0.0378070516123732,2326.1666666666665,0.03475935828876997,0.030713024786326683,2277.5833333333335,-0.0059931506849315586,0.032855579640441945,2323.0,0.00043066322136087187,1
2026-06,2026-06-01,2026-06-26,19,2323,2355,2291,2323,2314,10293137,962867,0.0004306633064630194,2687.0,2739.0,2649.0,2728.0,2710.0,3299089.0,232396.0,0.01525865169274554,405.0,2298.57,-24.43,-0.010628,2323.0,491.0,493.0,463.5,472.75,-0.03716904226799611,684.5,689.25,654.5,664.5,-0.029218407239350985,1.4056054997355896,,73.86,110.19,42.29,75.44666666666667,18.848333333333333,18.43111111111111,21.575555555555557,19.618333333333332,0.0,0,2343.0,-44.43,-0.019329,0.00043066322136087187,2357.3333333333335,-0.01190982560612508,0.03794811867883029,2342.3333333333335,0.04357592093441154,0.03012366379962921,2273.0,-0.02312867956265774,0.03236918120627545,,,
